[{"model": "contenttypes.contenttype", "pk": 15, "fields": {"app_label": "admin", "model": "logentry"}}, {"model": "contenttypes.contenttype", "pk": 16, "fields": {"app_label": "auth", "model": "permission"}}, {"model": "contenttypes.contenttype", "pk": 17, "fields": {"app_label": "auth", "model": "group"}}, {"model": "contenttypes.contenttype", "pk": 18, "fields": {"app_label": "contenttypes", "model": "contenttype"}}, {"model": "contenttypes.contenttype", "pk": 19, "fields": {"app_label": "sessions", "model": "session"}}, {"model": "contenttypes.contenttype", "pk": 20, "fields": {"app_label": "token_blacklist", "model": "blacklistedtoken"}}, {"model": "contenttypes.contenttype", "pk": 21, "fields": {"app_label": "token_blacklist", "model": "outstandingtoken"}}, {"model": "contenttypes.contenttype", "pk": 22, "fields": {"app_label": "reviews", "model": "user"}}, {"model": "contenttypes.contenttype", "pk": 23, "fields": {"app_label": "reviews", "model": "category"}}, {"model": "contenttypes.contenttype", "pk": 24, "fields": {"app_label": "reviews", "model": "genre"}}, {"model": "contenttypes.contenttype", "pk": 25, "fields": {"app_label": "reviews", "model": "genretitle"}}, {"model": "contenttypes.contenttype", "pk": 26, "fields": {"app_label": "reviews", "model": "title"}}, {"model": "contenttypes.contenttype", "pk": 27, "fields": {"app_label": "reviews", "model": "review"}}, {"model": "contenttypes.contenttype", "pk": 28, "fields": {"app_label": "reviews", "model": "comment"}}, {"model": "sessions.session", "pk": "mw02cgjx79y4akor4sverlro8ayabrb9", "fields": {"session_data": "N2JjYmU4MTQ5MGQ3NDI2ODFlNmZkODZlOTMxNzZkZTJiMDA1ZDlhNjp7Il9hdXRoX3VzZXJfaWQiOiIxIiwiX2F1dGhfdXNlcl9iYWNrZW5kIjoiZGphbmdvLmNvbnRyaWIuYXV0aC5iYWNrZW5kcy5Nb2RlbEJhY2tlbmQiLCJfYXV0aF91c2VyX2hhc2giOiIzYTRhMzkyNTIxN2ZlMTVlZjA4MDZlZWQ4OTZjNGUzNDJjOWQ4ZDZhIn0=", "expire_date": "2021-11-09T01:32:46.404Z"}}, {"model": "reviews.category", "pk": 1, "fields": {"name": "\u0424\u0438\u043b\u044c\u043c", "slug": "movie"}}, {"model": "reviews.category", "pk": 2, "fields": {"name": "\u041a\u043d\u0438\u0433\u0430", "slug": "book"}}, {"model": "reviews.category", "pk": 3, "fields": {"name": "\u041c\u0443\u0437\u044b\u043a\u0430", "slug": "music"}}, {"model": "reviews.genre", "pk": 1, "fields": {"name": "\u0414\u0440\u0430\u043c\u0430", "slug": "drama"}}, {"model": "reviews.genre", "pk": 2, "fields": {"name": "\u041a\u043e\u043c\u0435\u0434\u0438\u044f", "slug": "comedy"}}, {"model": "reviews.genre", "pk": 3, "fields": {"name": "\u0412\u0435\u0441\u0442\u0435\u0440\u043d", "slug": "western"}}, {"model": "reviews.genre", "pk": 4, "fields": {"name": "\u0424\u044d\u043d\u0442\u0435\u0437\u0438", "slug": "fantasy"}}, {"model": "reviews.genre", "pk": 5, "fields": {"name": "\u0424\u0430\u043d\u0442\u0430\u0441\u0442\u0438\u043a\u0430", "slug": "sci-fi"}}, {"model": "reviews.genre", "pk": 6, "fields": {"name": "\u0414\u0435\u0442\u0435\u043a\u0442\u0438\u0432", "slug": "detective"}}, {"model": "reviews.genre", "pk": 7, "fields": {"name": "\u0422\u0440\u0438\u043b\u043b\u0435\u0440", "slug": "thriller"}}, {"model": "reviews.genre", "pk": 8, "fields": {"name": "\u0421\u043a\u0430\u0437\u043a\u0430", "slug": "tale"}}, {"model": "reviews.genre", "pk": 9, "fields": {"name": "\u0413\u043e\u043d\u0437\u043e", "slug": "gonzo"}}, {"model": "reviews.genre", "pk": 10, "fields": {"name": "\u0420\u043e\u043c\u0430\u043d", "slug": "roman"}}, {"model": "reviews.genre", "pk": 11, "fields": {"name": "\u0411\u0430\u043b\u043b\u0430\u0434\u0430", "slug": "ballad"}}, {"model": "reviews.genre", "pk": 12, "fields": {"name": "Rock-n-roll", "slug": "rock-n-roll"}}, {"model": "reviews.genre", "pk": 13, "fields": {"name": "\u041a\u043b\u0430\u0441\u0441\u0438\u043a\u0430", "slug": "classical"}}, {"model": "reviews.genre", "pk": 14, "fields": {"name": "\u0420\u043e\u043a", "slug": "rock"}}, {"model": "reviews.genre", "pk": 15, "fields": {"name": "\u0428\u0430\u043d\u0441\u043e\u043d", "slug": "chanson"}}, {"model": "reviews.title", "pk": 1, "fields": {"name": "\u041f\u043e\u0431\u0435\u0433 \u0438\u0437 \u0428\u043e\u0443\u0448\u0435\u043d\u043a\u0430", "year": 1994, "description": "\u043e\u043f\u0438\u0441\u0430\u043d\u0438\u0435 \u043d\u0435 \u043f\u0440\u0435\u0434\u043e\u0441\u0442\u0430\u0432\u043b\u0435\u043d\u043e", "category": 1}}, {"model": "reviews.title", "pk": 2, "fields": {"name": "\u041a\u0440\u0435\u0441\u0442\u043d\u044b\u0439 \u043e\u0442\u0435\u0446", "year": 1972, "description": "\u043e\u043f\u0438\u0441\u0430\u043d\u0438\u0435 \u043d\u0435 \u043f\u0440\u0435\u0434\u043e\u0441\u0442\u0430\u0432\u043b\u0435\u043d\u043e", "category": 1}}, {"model": "reviews.title", "pk": 3, "fields": {"name": "12 \u0440\u0430\u0437\u0433\u043d\u0435\u0432\u0430\u043d\u043d\u044b\u0445 \u043c\u0443\u0436\u0447\u0438\u043d", "year": 1957, "description": "\u043e\u043f\u0438\u0441\u0430\u043d\u0438\u0435 \u043d\u0435 \u043f\u0440\u0435\u0434\u043e\u0441\u0442\u0430\u0432\u043b\u0435\u043d\u043e", "category": 1}}, {"model": "reviews.title", "pk": 4, "fields": {"name": "\u0421\u043f\u0438\u0441\u043e\u043a \u0428\u0438\u043d\u0434\u043b\u0435\u0440\u0430", "year": 1993, "description": "\u043e\u043f\u0438\u0441\u0430\u043d\u0438\u0435 \u043d\u0435 \u043f\u0440\u0435\u0434\u043e\u0441\u0442\u0430\u0432\u043b\u0435\u043d\u043e", "category": 1}}, {"model": "reviews.title", "pk": 5, "fields": {"name": "\u041a\u0440\u0438\u043c\u0438\u043d\u0430\u043b\u044c\u043d\u043e\u0435 \u0447\u0442\u0438\u0432\u043e", "year": 1994, "description": "\u043e\u043f\u0438\u0441\u0430\u043d\u0438\u0435 \u043d\u0435 \u043f\u0440\u0435\u0434\u043e\u0441\u0442\u0430\u0432\u043b\u0435\u043d\u043e", "category": 1}}, {"model": "reviews.title", "pk": 6, "fields": {"name": "\u0425\u043e\u0440\u043e\u0448\u0438\u0439, \u043f\u043b\u043e\u0445\u043e\u0439, \u0437\u043b\u043e\u0439", "year": 1966, "description": "\u043e\u043f\u0438\u0441\u0430\u043d\u0438\u0435 \u043d\u0435 \u043f\u0440\u0435\u0434\u043e\u0441\u0442\u0430\u0432\u043b\u0435\u043d\u043e", "category": 1}}, {"model": "reviews.title", "pk": 7, "fields": {"name": "\u0412\u043b\u0430\u0441\u0442\u0435\u043b\u0438\u043d \u043a\u043e\u043b\u0435\u0446: \u0411\u0440\u0430\u0442\u0441\u0442\u0432\u043e \u043a\u043e\u043b\u044c\u0446\u0430", "year": 2001, "description": "\u043e\u043f\u0438\u0441\u0430\u043d\u0438\u0435 \u043d\u0435 \u043f\u0440\u0435\u0434\u043e\u0441\u0442\u0430\u0432\u043b\u0435\u043d\u043e", "category": 1}}, {"model": "reviews.title", "pk": 8, "fields": {"name": "\u0411\u043e\u0439\u0446\u043e\u0432\u0441\u043a\u0438\u0439 \u043a\u043b\u0443\u0431", "year": 19, "description": "\u043e\u043f\u0438\u0441\u0430\u043d\u0438\u0435 \u043d\u0435 \u043f\u0440\u0435\u0434\u043e\u0441\u0442\u0430\u0432\u043b\u0435\u043d\u043e", "category": null}}, {"model": "reviews.title", "pk": 9, "fields": {"name": "\u0424\u043e\u0440\u0440\u0435\u0441\u0442 \u0413\u0430\u043c\u043f", "year": 1994, "description": "\u043e\u043f\u0438\u0441\u0430\u043d\u0438\u0435 \u043d\u0435 \u043f\u0440\u0435\u0434\u043e\u0441\u0442\u0430\u0432\u043b\u0435\u043d\u043e", "category": 1}}, {"model": "reviews.title", "pk": 10, "fields": {"name": "\u0417\u0432\u0451\u0437\u0434\u043d\u044b\u0435 \u0432\u043e\u0439\u043d\u044b. \u042d\u043f\u0438\u0437\u043e\u0434 5: \u0418\u043c\u043f\u0435\u0440\u0438\u044f \u043d\u0430\u043d\u043e\u0441\u0438\u0442 \u043e\u0442\u0432\u0435\u0442\u043d\u044b\u0439 \u0443\u0434\u0430\u0440", "year": 1980, "description": "\u043e\u043f\u0438\u0441\u0430\u043d\u0438\u0435 \u043d\u0435 \u043f\u0440\u0435\u0434\u043e\u0441\u0442\u0430\u0432\u043b\u0435\u043d\u043e", "category": 1}}, {"model": "reviews.title", "pk": 11, "fields": {"name": "\u0412\u043b\u0430\u0441\u0442\u0435\u043b\u0438\u043d \u043a\u043e\u043b\u0435\u0446: \u0414\u0432\u0435 \u043a\u0440\u0435\u043f\u043e\u0441\u0442\u0438", "year": 2002, "description": "\u043e\u043f\u0438\u0441\u0430\u043d\u0438\u0435 \u043d\u0435 \u043f\u0440\u0435\u0434\u043e\u0441\u0442\u0430\u0432\u043b\u0435\u043d\u043e", "category": 1}}, {"model": "reviews.title", "pk": 12, "fields": {"name": "\u041c\u0430\u0442\u0440\u0438\u0446\u0430", "year": 1999, "description": "\u043e\u043f\u0438\u0441\u0430\u043d\u0438\u0435 \u043d\u0435 \u043f\u0440\u0435\u0434\u043e\u0441\u0442\u0430\u0432\u043b\u0435\u043d\u043e", "category": 1}}, {"model": "reviews.title", "pk": 13, "fields": {"name": "\u041f\u0440\u043e\u043b\u0435\u0442\u0430\u044f \u043d\u0430\u0434 \u0433\u043d\u0435\u0437\u0434\u043e\u043c \u043a\u0443\u043a\u0443\u0448\u043a\u0438", "year": 1975, "description": "\u043e\u043f\u0438\u0441\u0430\u043d\u0438\u0435 \u043d\u0435 \u043f\u0440\u0435\u0434\u043e\u0441\u0442\u0430\u0432\u043b\u0435\u043d\u043e", "category": 1}}, {"model": "reviews.title", "pk": 14, "fields": {"name": "\u041d\u0430\u0437\u0430\u0434 \u0432 \u0431\u0443\u0434\u0443\u0449\u0435\u0435", "year": 1985, "description": "\u043e\u043f\u0438\u0441\u0430\u043d\u0438\u0435 \u043d\u0435 \u043f\u0440\u0435\u0434\u043e\u0441\u0442\u0430\u0432\u043b\u0435\u043d\u043e", "category": 1}}, {"model": "reviews.title", "pk": 15, "fields": {"name": "\u041e\u043f\u0435\u0440\u0430\u0446\u0438\u044f \u00ab\u042b\u00bb \u0438 \u0434\u0440\u0443\u0433\u0438\u0435 \u043f\u0440\u0438\u043a\u043b\u044e\u0447\u0435\u043d\u0438\u044f \u0428\u0443\u0440\u0438\u043a\u0430", "year": 1965, "description": "\u043e\u043f\u0438\u0441\u0430\u043d\u0438\u0435 \u043d\u0435 \u043f\u0440\u0435\u0434\u043e\u0441\u0442\u0430\u0432\u043b\u0435\u043d\u043e", "category": 1}}, {"model": "reviews.title", "pk": 16, "fields": {"name": "\u041a\u0430\u0440\u0442\u044b, \u0434\u0435\u043d\u044c\u0433\u0438, \u0434\u0432\u0430 \u0441\u0442\u0432\u043e\u043b\u0430", "year": 1998, "description": "\u043e\u043f\u0438\u0441\u0430\u043d\u0438\u0435 \u043d\u0435 \u043f\u0440\u0435\u0434\u043e\u0441\u0442\u0430\u0432\u043b\u0435\u043d\u043e", "category": 1}}, {"model": "reviews.title", "pk": 17, "fields": {"name": "\u0414\u0436\u0435\u043d\u0442\u043b\u044c\u043c\u0435\u043d\u044b \u0443\u0434\u0430\u0447\u0438 ", "year": 1971, "description": "\u043e\u043f\u0438\u0441\u0430\u043d\u0438\u0435 \u043d\u0435 \u043f\u0440\u0435\u0434\u043e\u0441\u0442\u0430\u0432\u043b\u0435\u043d\u043e", "category": 1}}, {"model": "reviews.title", "pk": 18, "fields": {"name": "\u0414\u0436\u0430\u043d\u0433\u043e \u043e\u0441\u0432\u043e\u0431\u043e\u0436\u0434\u0435\u043d\u043d\u044b\u0439", "year": 2012, "description": "\u043e\u043f\u0438\u0441\u0430\u043d\u0438\u0435 \u043d\u0435 \u043f\u0440\u0435\u0434\u043e\u0441\u0442\u0430\u0432\u043b\u0435\u043d\u043e", "category": 1}}, {"model": "reviews.title", "pk": 19, "fields": {"name": "Generation \u041f", "year": 2011, "description": "\u043e\u043f\u0438\u0441\u0430\u043d\u0438\u0435 \u043d\u0435 \u043f\u0440\u0435\u0434\u043e\u0441\u0442\u0430\u0432\u043b\u0435\u043d\u043e", "category": 1}}, {"model": "reviews.title", "pk": 20, "fields": {"name": "\u041a\u043e\u043b\u043e\u0431\u043e\u043a", "year": 1873, "description": "\u043e\u043f\u0438\u0441\u0430\u043d\u0438\u0435 \u043d\u0435 \u043f\u0440\u0435\u0434\u043e\u0441\u0442\u0430\u0432\u043b\u0435\u043d\u043e", "category": 2}}, {"model": "reviews.title", "pk": 21, "fields": {"name": "\u0421\u0442\u0440\u0430\u0445 \u0438 \u043d\u0435\u043d\u0430\u0432\u0438\u0441\u0442\u044c \u0432 \u041b\u0430\u0441-\u0412\u0435\u0433\u0430\u0441\u0435", "year": 1971, "description": "\u043e\u043f\u0438\u0441\u0430\u043d\u0438\u0435 \u043d\u0435 \u043f\u0440\u0435\u0434\u043e\u0441\u0442\u0430\u0432\u043b\u0435\u043d\u043e", "category": 2}}, {"model": "reviews.title", "pk": 22, "fields": {"name": "\u0412\u043e\u0439\u043d\u0430 \u0438 \u043c\u0438\u0440", "year": 1865, "description": "\u043e\u043f\u0438\u0441\u0430\u043d\u0438\u0435 \u043d\u0435 \u043f\u0440\u0435\u0434\u043e\u0441\u0442\u0430\u0432\u043b\u0435\u043d\u043e", "category": 2}}, {"model": "reviews.title", "pk": 23, "fields": {"name": "\u0423\u043b\u0438\u0441\u0441", "year": 1918, "description": "\u043e\u043f\u0438\u0441\u0430\u043d\u0438\u0435 \u043d\u0435 \u043f\u0440\u0435\u0434\u043e\u0441\u0442\u0430\u0432\u043b\u0435\u043d\u043e", "category": 2}}, {"model": "reviews.title", "pk": 24, "fields": {"name": "Generation \u041f", "year": 1999, "description": "\u043e\u043f\u0438\u0441\u0430\u043d\u0438\u0435 \u043d\u0435 \u043f\u0440\u0435\u0434\u043e\u0441\u0442\u0430\u0432\u043b\u0435\u043d\u043e", "category": 2}}, {"model": "reviews.title", "pk": 25, "fields": {"name": "\u0412\u0438\u043d\u043d\u0438 \u041f\u0443\u0445 \u0438 \u0432\u0441\u0435-\u0432\u0441\u0435-\u0432\u0441\u0435", "year": 1926, "description": "\u043e\u043f\u0438\u0441\u0430\u043d\u0438\u0435 \u043d\u0435 \u043f\u0440\u0435\u0434\u043e\u0441\u0442\u0430\u0432\u043b\u0435\u043d\u043e", "category": 2}}, {"model": "reviews.title", "pk": 26, "fields": {"name": "\u0421\u0442\u0430\u0441 \u041c\u0438\u0445\u0430\u0439\u043b\u043e\u0432 - \u041f\u043e\u0437\u044b\u0432\u043d\u044b\u0435 \u043d\u0430 \u043b\u044e\u0431\u043e\u0432\u044c", "year": 2004, "description": "\u043e\u043f\u0438\u0441\u0430\u043d\u0438\u0435 \u043d\u0435 \u043f\u0440\u0435\u0434\u043e\u0441\u0442\u0430\u0432\u043b\u0435\u043d\u043e", "category": 3}}, {"model": "reviews.title", "pk": 27, "fields": {"name": "Led Zeppelin \u2014 Stairway to Heaven", "year": 1971, "description": "\u043e\u043f\u0438\u0441\u0430\u043d\u0438\u0435 \u043d\u0435 \u043f\u0440\u0435\u0434\u043e\u0441\u0442\u0430\u0432\u043b\u0435\u043d\u043e", "category": 3}}, {"model": "reviews.title", "pk": 28, "fields": {"name": "Jethro Tull - Aqualung", "year": 1971, "description": "\u043e\u043f\u0438\u0441\u0430\u043d\u0438\u0435 \u043d\u0435 \u043f\u0440\u0435\u0434\u043e\u0441\u0442\u0430\u0432\u043b\u0435\u043d\u043e", "category": 3}}, {"model": "reviews.title", "pk": 29, "fields": {"name": "Elvis Presley - Blue Suede Shoes", "year": 1955, "description": "\u043e\u043f\u0438\u0441\u0430\u043d\u0438\u0435 \u043d\u0435 \u043f\u0440\u0435\u0434\u043e\u0441\u0442\u0430\u0432\u043b\u0435\u043d\u043e", "category": 3}}, {"model": "reviews.title", "pk": 30, "fields": {"name": "Deep Purple \u2014 Smoke on the Water", "year": 1971, "description": "\u043e\u043f\u0438\u0441\u0430\u043d\u0438\u0435 \u043d\u0435 \u043f\u0440\u0435\u0434\u043e\u0441\u0442\u0430\u0432\u043b\u0435\u043d\u043e", "category": 3}}, {"model": "reviews.title", "pk": 31, "fields": {"name": "\u041c\u043e\u0446\u0430\u0440\u0442 - \u0422\u0443\u0440\u0435\u0446\u043a\u0438\u0439 \u043c\u0430\u0440\u0448", "year": 1784, "description": "\u043e\u043f\u0438\u0441\u0430\u043d\u0438\u0435 \u043d\u0435 \u043f\u0440\u0435\u0434\u043e\u0441\u0442\u0430\u0432\u043b\u0435\u043d\u043e", "category": 3}}, {"model": "reviews.title", "pk": 32, "fields": {"name": "\u0411\u0430\u0445. \u041e\u0440\u043a\u0435\u0441\u0442\u0440\u043e\u0432\u0430\u044f \u0421\u044e\u0438\u0442\u0430 \u21162 \u0441\u0438 \u043c\u0438\u043d\u043e\u0440", "year": 1739, "description": "\u043e\u043f\u0438\u0441\u0430\u043d\u0438\u0435 \u043d\u0435 \u043f\u0440\u0435\u0434\u043e\u0441\u0442\u0430\u0432\u043b\u0435\u043d\u043e", "category": 3}}, {"model": "reviews.genretitle", "pk": 1, "fields": {"title": 1, "genre": 1}}, {"model": "reviews.genretitle", "pk": 2, "fields": {"title": 2, "genre": 1}}, {"model": "reviews.genretitle", "pk": 3, "fields": {"title": 3, "genre": 1}}, {"model": "reviews.genretitle", "pk": 4, "fields": {"title": 4, "genre": 1}}, {"model": "reviews.genretitle", "pk": 5, "fields": {"title": 5, "genre": 2}}, {"model": "reviews.genretitle", "pk": 6, "fields": {"title": 5, "genre": 6}}, {"model": "reviews.genretitle", "pk": 7, "fields": {"title": 5, "genre": 7}}, {"model": "reviews.genretitle", "pk": 8, "fields": {"title": 6, "genre": 3}}, {"model": "reviews.genretitle", "pk": 9, "fields": {"title": 7, "genre": 4}}, {"model": "reviews.genretitle", "pk": 10, "fields": {"title": 8, "genre": 7}}, {"model": "reviews.genretitle", "pk": 11, "fields": {"title": 9, "genre": 1}}, {"model": "reviews.genretitle", "pk": 12, "fields": {"title": 9, "genre": 2}}, {"model": "reviews.genretitle", "pk": 13, "fields": {"title": 10, "genre": 4}}, {"model": "reviews.genretitle", "pk": 14, "fields": {"title": 11, "genre": 4}}, {"model": "reviews.genretitle", "pk": 15, "fields": {"title": 12, "genre": 1}}, {"model": "reviews.genretitle", "pk": 16, "fields": {"title": 12, "genre": 5}}, {"model": "reviews.genretitle", "pk": 17, "fields": {"title": 12, "genre": 6}}, {"model": "reviews.genretitle", "pk": 18, "fields": {"title": 12, "genre": 8}}, {"model": "reviews.genretitle", "pk": 19, "fields": {"title": 13, "genre": 1}}, {"model": "reviews.genretitle", "pk": 20, "fields": {"title": 14, "genre": 5}}, {"model": "reviews.genretitle", "pk": 21, "fields": {"title": 15, "genre": 2}}, {"model": "reviews.genretitle", "pk": 22, "fields": {"title": 15, "genre": 6}}, {"model": "reviews.genretitle", "pk": 23, "fields": {"title": 15, "genre": 8}}, {"model": "reviews.genretitle", "pk": 24, "fields": {"title": 16, "genre": 2}}, {"model": "reviews.genretitle", "pk": 25, "fields": {"title": 17, "genre": 2}}, {"model": "reviews.genretitle", "pk": 26, "fields": {"title": 18, "genre": 1}}, {"model": "reviews.genretitle", "pk": 27, "fields": {"title": 19, "genre": 1}}, {"model": "reviews.genretitle", "pk": 28, "fields": {"title": 20, "genre": 7}}, {"model": "reviews.genretitle", "pk": 29, "fields": {"title": 20, "genre": 8}}, {"model": "reviews.genretitle", "pk": 30, "fields": {"title": 21, "genre": 9}}, {"model": "reviews.genretitle", "pk": 31, "fields": {"title": 22, "genre": 10}}, {"model": "reviews.genretitle", "pk": 32, "fields": {"title": 23, "genre": 10}}, {"model": "reviews.genretitle", "pk": 33, "fields": {"title": 24, "genre": 10}}, {"model": "reviews.genretitle", "pk": 34, "fields": {"title": 25, "genre": 8}}, {"model": "reviews.genretitle", "pk": 35, "fields": {"title": 26, "genre": 15}}, {"model": "reviews.genretitle", "pk": 36, "fields": {"title": 27, "genre": 11}}, {"model": "reviews.genretitle", "pk": 37, "fields": {"title": 27, "genre": 14}}, {"model": "reviews.genretitle", "pk": 38, "fields": {"title": 28, "genre": 11}}, {"model": "reviews.genretitle", "pk": 39, "fields": {"title": 29, "genre": 12}}, {"model": "reviews.genretitle", "pk": 40, "fields": {"title": 30, "genre": 14}}, {"model": "reviews.genretitle", "pk": 41, "fields": {"title": 31, "genre": 13}}, {"model": "reviews.genretitle", "pk": 42, "fields": {"title": 32, "genre": 13}}, {"model": "auth.permission", "pk": 57, "fields": {"name": "Can add log entry", "content_type": 15, "codename": "add_logentry"}}, {"model": "auth.permission", "pk": 58, "fields": {"name": "Can change log entry", "content_type": 15, "codename": "change_logentry"}}, {"model": "auth.permission", "pk": 59, "fields": {"name": "Can delete log entry", "content_type": 15, "codename": "delete_logentry"}}, {"model": "auth.permission", "pk": 60, "fields": {"name": "Can view log entry", "content_type": 15, "codename": "view_logentry"}}, {"model": "auth.permission", "pk": 61, "fields": {"name": "Can add permission", "content_type": 16, "codename": "add_permission"}}, {"model": "auth.permission", "pk": 62, "fields": {"name": "Can change permission", "content_type": 16, "codename": "change_permission"}}, {"model": "auth.permission", "pk": 63, "fields": {"name": "Can delete permission", "content_type": 16, "codename": "delete_permission"}}, {"model": "auth.permission", "pk": 64, "fields": {"name": "Can view permission", "content_type": 16, "codename": "view_permission"}}, {"model": "auth.permission", "pk": 65, "fields": {"name": "Can add group", "content_type": 17, "codename": "add_group"}}, {"model": "auth.permission", "pk": 66, "fields": {"name": "Can change group", "content_type": 17, "codename": "change_group"}}, {"model": "auth.permission", "pk": 67, "fields": {"name": "Can delete group", "content_type": 17, "codename": "delete_group"}}, {"model": "auth.permission", "pk": 68, "fields": {"name": "Can view group", "content_type": 17, "codename": "view_group"}}, {"model": "auth.permission", "pk": 69, "fields": {"name": "Can add content type", "content_type": 18, "codename": "add_contenttype"}}, {"model": "auth.permission", "pk": 70, "fields": {"name": "Can change content type", "content_type": 18, "codename": "change_contenttype"}}, {"model": "auth.permission", "pk": 71, "fields": {"name": "Can delete content type", "content_type": 18, "codename": "delete_contenttype"}}, {"model": "auth.permission", "pk": 72, "fields": {"name": "Can view content type", "content_type": 18, "codename": "view_contenttype"}}, {"model": "auth.permission", "pk": 73, "fields": {"name": "Can add session", "content_type": 19, "codename": "add_session"}}, {"model": "auth.permission", "pk": 74, "fields": {"name": "Can change session", "content_type": 19, "codename": "change_session"}}, {"model": "auth.permission", "pk": 75, "fields": {"name": "Can delete session", "content_type": 19, "codename": "delete_session"}}, {"model": "auth.permission", "pk": 76, "fields": {"name": "Can view session", "content_type": 19, "codename": "view_session"}}, {"model": "auth.permission", "pk": 77, "fields": {"name": "Can add blacklisted token", "content_type": 20, "codename": "add_blacklistedtoken"}}, {"model": "auth.permission", "pk": 78, "fields": {"name": "Can change blacklisted token", "content_type": 20, "codename": "change_blacklistedtoken"}}, {"model": "auth.permission", "pk": 79, "fields": {"name": "Can delete blacklisted token", "content_type": 20, "codename": "delete_blacklistedtoken"}}, {"model": "auth.permission", "pk": 80, "fields": {"name": "Can view blacklisted token", "content_type": 20, "codename": "view_blacklistedtoken"}}, {"model": "auth.permission", "pk": 81, "fields": {"name": "Can add outstanding token", "content_type": 21, "codename": "add_outstandingtoken"}}, {"model": "auth.permission", "pk": 82, "fields": {"name": "Can change outstanding token", "content_type": 21, "codename": "change_outstandingtoken"}}, {"model": "auth.permission", "pk": 83, "fields": {"name": "Can delete outstanding token", "content_type": 21, "codename": "delete_outstandingtoken"}}, {"model": "auth.permission", "pk": 84, "fields": {"name": "Can view outstanding token", "content_type": 21, "codename": "view_outstandingtoken"}}, {"model": "auth.permission", "pk": 85, "fields": {"name": "Can add \u043f\u043e\u043b\u044c\u0437\u043e\u0432\u0430\u0442\u0435\u043b\u044c", "content_type": 22, "codename": "add_user"}}, {"model": "auth.permission", "pk": 86, "fields": {"name": "Can change \u043f\u043e\u043b\u044c\u0437\u043e\u0432\u0430\u0442\u0435\u043b\u044c", "content_type": 22, "codename": "change_user"}}, {"model": "auth.permission", "pk": 87, "fields": {"name": "Can delete \u043f\u043e\u043b\u044c\u0437\u043e\u0432\u0430\u0442\u0435\u043b\u044c", "content_type": 22, "codename": "delete_user"}}, {"model": "auth.permission", "pk": 88, "fields": {"name": "Can view \u043f\u043e\u043b\u044c\u0437\u043e\u0432\u0430\u0442\u0435\u043b\u044c", "content_type": 22, "codename": "view_user"}}, {"model": "auth.permission", "pk": 89, "fields": {"name": "Can add \u041a\u0430\u0442\u0435\u0433\u043e\u0440\u0438\u044f", "content_type": 23, "codename": "add_category"}}, {"model": "auth.permission", "pk": 90, "fields": {"name": "Can change \u041a\u0430\u0442\u0435\u0433\u043e\u0440\u0438\u044f", "content_type": 23, "codename": "change_category"}}, {"model": "auth.permission", "pk": 91, "fields": {"name": "Can delete \u041a\u0430\u0442\u0435\u0433\u043e\u0440\u0438\u044f", "content_type": 23, "codename": "delete_category"}}, {"model": "auth.permission", "pk": 92, "fields": {"name": "Can view \u041a\u0430\u0442\u0435\u0433\u043e\u0440\u0438\u044f", "content_type": 23, "codename": "view_category"}}, {"model": "auth.permission", "pk": 93, "fields": {"name": "Can add \u0436\u0430\u043d\u0440", "content_type": 24, "codename": "add_genre"}}, {"model": "auth.permission", "pk": 94, "fields": {"name": "Can change \u0436\u0430\u043d\u0440", "content_type": 24, "codename": "change_genre"}}, {"model": "auth.permission", "pk": 95, "fields": {"name": "Can delete \u0436\u0430\u043d\u0440", "content_type": 24, "codename": "delete_genre"}}, {"model": "auth.permission", "pk": 96, "fields": {"name": "Can view \u0436\u0430\u043d\u0440", "content_type": 24, "codename": "view_genre"}}, {"model": "auth.permission", "pk": 97, "fields": {"name": "Can add genre title", "content_type": 25, "codename": "add_genretitle"}}, {"model": "auth.permission", "pk": 98, "fields": {"name": "Can change genre title", "content_type": 25, "codename": "change_genretitle"}}, {"model": "auth.permission", "pk": 99, "fields": {"name": "Can delete genre title", "content_type": 25, "codename": "delete_genretitle"}}, {"model": "auth.permission", "pk": 100, "fields": {"name": "Can view genre title", "content_type": 25, "codename": "view_genretitle"}}, {"model": "auth.permission", "pk": 101, "fields": {"name": "Can add \u043f\u0440\u043e\u0438\u0437\u0432\u0435\u0434\u0435\u043d\u0438\u0435", "content_type": 26, "codename": "add_title"}}, {"model": "auth.permission", "pk": 102, "fields": {"name": "Can change \u043f\u0440\u043e\u0438\u0437\u0432\u0435\u0434\u0435\u043d\u0438\u0435", "content_type": 26, "codename": "change_title"}}, {"model": "auth.permission", "pk": 103, "fields": {"name": "Can delete \u043f\u0440\u043e\u0438\u0437\u0432\u0435\u0434\u0435\u043d\u0438\u0435", "content_type": 26, "codename": "delete_title"}}, {"model": "auth.permission", "pk": 104, "fields": {"name": "Can view \u043f\u0440\u043e\u0438\u0437\u0432\u0435\u0434\u0435\u043d\u0438\u0435", "content_type": 26, "codename": "view_title"}}, {"model": "auth.permission", "pk": 105, "fields": {"name": "Can add \u0420\u0435\u0432\u044c\u044e", "content_type": 27, "codename": "add_review"}}, {"model": "auth.permission", "pk": 106, "fields": {"name": "Can change \u0420\u0435\u0432\u044c\u044e", "content_type": 27, "codename": "change_review"}}, {"model": "auth.permission", "pk": 107, "fields": {"name": "Can delete \u0420\u0435\u0432\u044c\u044e", "content_type": 27, "codename": "delete_review"}}, {"model": "auth.permission", "pk": 108, "fields": {"name": "Can view \u0420\u0435\u0432\u044c\u044e", "content_type": 27, "codename": "view_review"}}, {"model": "auth.permission", "pk": 109, "fields": {"name": "Can add \u041a\u043e\u043c\u043c\u0435\u043d\u0442\u0430\u0440\u0438\u0439", "content_type": 28, "codename": "add_comment"}}, {"model": "auth.permission", "pk": 110, "fields": {"name": "Can change \u041a\u043e\u043c\u043c\u0435\u043d\u0442\u0430\u0440\u0438\u0439", "content_type": 28, "codename": "change_comment"}}, {"model": "auth.permission", "pk": 111, "fields": {"name": "Can delete \u041a\u043e\u043c\u043c\u0435\u043d\u0442\u0430\u0440\u0438\u0439", "content_type": 28, "codename": "delete_comment"}}, {"model": "auth.permission", "pk": 112, "fields": {"name": "Can view \u041a\u043e\u043c\u043c\u0435\u043d\u0442\u0430\u0440\u0438\u0439", "content_type": 28, "codename": "view_comment"}}, {"model": "reviews.user", "pk": 1, "fields": {"password": "pbkdf2_sha256$150000$kHtKZE4ErZk0$cQCd0KrWoWkgR9hgcQmWS17SFtXwZOvkzEEYBvhKwnA=", "last_login": "2021-10-26T01:32:46.400Z", "is_superuser": true, "is_staff": true, "is_active": true, "date_joined": "2021-10-26T01:32:27.720Z", "username": "admin", "first_name": "", "last_name": "", "email": "admin@as.as", "bio": "", "role": "user", "groups": [], "user_permissions": []}}, {"model": "reviews.user", "pk": 100, "fields": {"password": "", "last_login": null, "is_superuser": false, "is_staff": false, "is_active": true, "date_joined": "2021-10-26T01:49:45.329Z", "username": "bingobongo", "first_name": "", "last_name": "", "email": "bingobongo@yamdb.fake", "bio": "", "role": "user", "groups": [], "user_permissions": []}}, {"model": "reviews.user", "pk": 101, "fields": {"password": "", "last_login": null, "is_superuser": false, "is_staff": false, "is_active": true, "date_joined": "2021-10-26T01:49:45.329Z", "username": "capt_obvious", "first_name": "", "last_name": "", "email": "capt_obvious@yamdb.fake", "bio": "", "role": "admin", "groups": [], "user_permissions": []}}, {"model": "reviews.user", "pk": 102, "fields": {"password": "", "last_login": null, "is_superuser": false, "is_staff": false, "is_active": true, "date_joined": "2021-10-26T01:49:45.329Z", "username": "faust", "first_name": "", "last_name": "", "email": "faust@yamdb.fake", "bio": "", "role": "user", "groups": [], "user_permissions": []}}, {"model": "reviews.user", "pk": 103, "fields": {"password": "", "last_login": null, "is_superuser": false, "is_staff": false, "is_active": true, "date_joined": "2021-10-26T01:49:45.329Z", "username": "reviewer", "first_name": "", "last_name": "", "email": "reviewer@yamdb.fake", "bio": "", "role": "user", "groups": [], "user_permissions": []}}, {"model": "reviews.user", "pk": 104, "fields": {"password": "", "last_login": null, "is_superuser": false, "is_staff": false, "is_active": true, "date_joined": "2021-10-26T01:49:45.329Z", "username": "angry", "first_name": "", "last_name": "", "email": "angry@yamdb.fake", "bio": "", "role": "moderator", "groups": [], "user_permissions": []}}, {"model": "reviews.review", "pk": 1, "fields": {"text": "\u0421\u0442\u0430\u0432\u043b\u044e \u0434\u0435\u0441\u044f\u0442\u044c \u0437\u0432\u0451\u0437\u0434!\n...\u042d\u0442\u0438 \u0433\u043e\u043b\u043e\u0441\u0430 \u0431\u044b\u043b\u0438 \u0447\u0438\u0449\u0435 \u0438 \u0441\u0432\u0435\u0442\u043b\u0435\u0435 \u0442\u0435\u0445, \u043e \u043a\u043e\u0442\u043e\u0440\u044b\u0445 \u043c\u0435\u0447\u0442\u0430\u043b\u0438 \u0432 \u044d\u0442\u043e\u043c \u0441\u0435\u0440\u043e\u043c, \u0443\u0431\u043e\u0433\u043e\u043c \u043c\u0435\u0441\u0442\u0435. \u041a\u0430\u043a \u0431\u0443\u0434\u0442\u043e \u0434\u0432\u0435 \u043f\u0442\u0438\u0447\u043a\u0438 \u0432\u043b\u0435\u0442\u0435\u043b\u0438 \u0438 \u0441\u0432\u043e\u0438\u043c\u0438 \u0433\u043e\u043b\u043e\u0441\u0430\u043c\u0438 \u0440\u0430\u0437\u0432\u0435\u044f\u043b\u0438 \u0441\u0442\u0435\u043d\u044b \u043d\u0430\u0448\u0438\u0445 \u043a\u043b\u0435\u0442\u043e\u043a, \u0438 \u043d\u0430 \u043a\u043e\u0440\u043e\u0442\u043a\u0438\u0439 \u043c\u0438\u0433 \u043a\u0430\u0436\u0434\u044b\u0439 \u0447\u0435\u043b\u043e\u0432\u0435\u043a \u0432 \u0428\u043e\u0443\u0448\u0435\u043d\u043a\u0435 \u043f\u043e\u0447\u0443\u0432\u0441\u0442\u0432\u043e\u0432\u0430\u043b \u0441\u0435\u0431\u044f \u0441\u0432\u043e\u0431\u043e\u0434\u043d\u044b\u043c.", "title": 1, "author": 100, "score": 10, "pub_date": "2019-09-24T21:08:21.567Z"}}, {"model": "reviews.review", "pk": 2, "fields": {"text": "\u041d\u0435 \u043f\u0440\u0438\u0432\u044b\u043a\u0430\u0439\n\u00ab\u042d\u0442\u0438 \u0441\u0442\u0435\u043d\u044b \u0438\u043c\u0435\u044e\u0442 \u043e\u0434\u043d\u043e \u0441\u0432\u043e\u0439\u0441\u0442\u0432\u043e: \u0441\u043d\u0430\u0447\u0430\u043b\u0430 \u0442\u044b \u0438\u0445 \u043d\u0435\u043d\u0430\u0432\u0438\u0434\u0438\u0448\u044c, \u043f\u043e\u0442\u043e\u043c \u043f\u0440\u0438\u0432\u044b\u043a\u0430\u0435\u0448\u044c, \u0430 \u043f\u043e\u0442\u043e\u043c \u043d\u0435 \u043c\u043e\u0436\u0435\u0448\u044c \u0431\u0435\u0437 \u043d\u0438\u0445 \u0436\u0438\u0442\u044c\u00bb", "title": 1, "author": 101, "score": 10, "pub_date": "2019-09-24T21:08:21.567Z"}}, {"model": "reviews.review", "pk": 3, "fields": {"text": "\u0424\u0438\u043b\u044c\u043c, \u0440\u0430\u0437\u043e\u0431\u0440\u0430\u043d\u043d\u044b\u0439 \u043d\u0430 \u0446\u0438\u0442\u0430\u0442\u044b, \u0434\u043e\u0441\u0442\u043e\u0438\u043d \u0432\u044b\u0441\u0448\u0435\u0439 \u043e\u0446\u0435\u043d\u043a\u0438. \u0414\u0435\u0441\u044f\u0442\u044c \u0441 \u043f\u043b\u044e\u0441\u043e\u043c (\u0436\u0430\u043b\u044c, \u0442\u0443\u0442 \u043f\u043b\u044e\u0441\u0430 \u043d\u0435\u0442)\n\"\u0422\u044b \u043f\u0440\u0438\u0448\u0435\u043b \u0438 \u0433\u043e\u0432\u043e\u0440\u0438\u0448\u044c: \"\u0414\u043e\u043d \u041a\u043e\u0440\u043b\u0435\u043e\u043d\u0435, \u043c\u043d\u0435 \u043d\u0443\u0436\u043d\u0430 \u0441\u043f\u0440\u0430\u0432\u0435\u0434\u043b\u0438\u0432\u043e\u0441\u0442\u044c\". \u041d\u043e \u0442\u044b \u043f\u0440\u043e\u0441\u0438\u0448\u044c \u0431\u0435\u0437 \u0443\u0432\u0430\u0436\u0435\u043d\u0438\u044f, \u0442\u044b \u043d\u0435 \u043f\u0440\u0435\u0434\u043b\u0430\u0433\u0430\u0435\u0448\u044c \u0434\u0440\u0443\u0436\u0431\u0443, \u0442\u044b \u0434\u0430\u0436\u0435 \u043d\u0435 \u043d\u0430\u0437\u0432\u0430\u043b \u043c\u0435\u043d\u044f \u041a\u0440\u0435\u0441\u0442\u043d\u044b\u043c \u041e\u0442\u0446\u043e\u043c.\"", "title": 2, "author": 102, "score": 10, "pub_date": "2019-09-24T21:08:21.567Z"}}, {"model": "reviews.review", "pk": 4, "fields": {"text": "\u0416\u0435\u0441\u0442\u043e\u043a\u0438\u0439, \u0436\u0435\u0441\u0442\u043e\u043a\u0438\u0439, \u0436\u0435\u0441\u0442\u043e\u043a\u0438\u0439 \u043c\u0438\u0440, \u043d\u0435 \u043e \u0442\u0430\u043a\u043e\u043c \u043c\u0435\u0447\u0442\u0430\u043b\u0438 \u043c\u044b \u0432 \u0434\u0435\u0442\u0441\u0442\u0432\u0435!!111\n***\u041e\u0442\u0435\u0446 \u0441\u0434\u0435\u043b\u0430\u043b \u0435\u043c\u0443 \u043f\u0440\u0435\u0434\u043b\u043e\u0436\u0435\u043d\u0438\u0435, \u043e\u0442 \u043a\u043e\u0442\u043e\u0440\u043e\u0433\u043e \u043e\u043d \u043d\u0435 \u0441\u043c\u043e\u0433 \u043e\u0442\u043a\u0430\u0437\u0430\u0442\u044c\u0441\u044f. \u041b\u0443\u043a\u0430 \u0411\u0440\u0430\u0437\u0438 \u0434\u0435\u0440\u0436\u0430\u043b \u043f\u0438\u0441\u0442\u043e\u043b\u0435\u0442 \u0443 \u0435\u0433\u043e \u0432\u0438\u0441\u043a\u0430, \u0438 \u043e\u0442\u0435\u0446 \u043f\u0440\u0435\u0434\u043b\u043e\u0436\u0438\u043b \u0432\u044b\u0431\u043e\u0440: \u043b\u0438\u0431\u043e \u043d\u0430 \u043a\u043e\u043d\u0442\u0440\u0430\u043a\u0442\u0435 \u043c\u043e\u0437\u0433\u0438, \u043b\u0438\u0431\u043e \u043f\u043e\u0434\u043f\u0438\u0441\u044c.***", "title": 2, "author": 103, "score": 1, "pub_date": "2019-09-24T21:08:21.567Z"}}, {"model": "reviews.review", "pk": 5, "fields": {"text": "\u042d\u0442\u043e \u043c\u043e\u0438 \u0441\u043e\u0441\u0435\u0434\u0438! \u0421\u0442\u0430\u0432\u043b\u044e \u0442\u0440\u0438 \u0437\u0432\u0435\u0437\u0434\u044b \u0437\u0430 \u0442\u043e, \u0447\u0442\u043e \u043e\u043d\u0438 \u0434\u0432\u0430\u0436\u0434\u044b \u043e\u0442\u0434\u0430\u0432\u0438\u043b\u0438 \u043c\u043d\u0435 \u043e\u043a\u043d\u043e\u043c \u043f\u0430\u043b\u044c\u0446\u044b:\n----------------------\n\u2014 \u0412\u044b \u0436\u0438\u0432\u0451\u0442\u0435 \u0432 \u043f\u043b\u043e\u0445\u043e\u043c \u0440\u0430\u0439\u043e\u043d\u0435?\n\u2014 \u041d\u0435 \u0442\u043e \u0441\u043b\u043e\u0432\u043e. \u041e\u0434\u043d\u0430\u0436\u0434\u044b \u0441 \u043d\u0430\u0448\u0435\u0439 \u0443\u043b\u0438\u0446\u044b \u0443\u0433\u043d\u0430\u043b\u0438 \u043f\u043e\u043b\u0438\u0446\u0435\u0439\u0441\u043a\u0443\u044e \u043c\u0430\u0448\u0438\u043d\u0443 \u0441 \u0434\u0432\u0443\u043c\u044f \u043f\u043e\u043b\u0438\u0446\u0435\u0439\u0441\u043a\u0438\u043c\u0438. \u0412 \u0434\u043e\u043c \u0432\u0441\u0451 \u0432\u0440\u0435\u043c\u044f \u043b\u0435\u0437\u0443\u0442 \u0432\u043e\u0440\u044b. \u041a\u0430\u0436\u0434\u044b\u0439 \u0440\u0430\u0437, \u043a\u0430\u043a \u044f \u043f\u044b\u0442\u0430\u044e\u0441\u044c \u0437\u0430\u043a\u0440\u044b\u0442\u044c \u043e\u043a\u043d\u043e, \u043f\u0440\u0438\u0449\u0435\u043c\u043b\u044f\u044e \u043a\u043e\u043c\u0443-\u043d\u0438\u0431\u0443\u0434\u044c \u043f\u0430\u043b\u044c\u0446\u044b.", "title": 2, "author": 104, "score": 3, "pub_date": "2019-09-24T21:08:21.567Z"}}, {"model": "reviews.review", "pk": 6, "fields": {"text": "\u0412\u0441\u0451, \u043a\u0430\u043a \u0432 \u0440\u0430\u0437\u043d\u044b\u0445 \u044f\u0437\u044b\u043a\u0430\u0445 \u043f\u0440\u043e\u0433\u0440\u0430\u043c\u043c\u0438\u0440\u043e\u0432\u0430\u043d\u0438\u044f! \u0412 \u043e\u0441\u043d\u043e\u0432\u043d\u043e\u043c \u2014 \u043f\u043e\u0445\u043e\u0436\u0435, \u043d\u043e \u0432\u043e\u0442 \u044d\u0442\u0438 \u043c\u0430\u043b\u0435\u043d\u044c\u043a\u0438\u0435 \u0440\u0430\u0437\u043b\u0438\u0447\u0438\u044f \u0432\u044b\u0432\u043e\u0434\u044f\u0442 \u0438\u0437 \u0441\u0435\u0431\u044f. \n\u0412\u0435\u043b\u0438\u043a\u0438\u0439 \u0444\u0438\u043b\u044c\u043c \u043d\u0430 \u0432\u0441\u0435 \u0441\u043b\u0443\u0447\u0430\u0438 \u0436\u0438\u0437\u043d\u0438!\n=====================================================\n\u2014 \u0410 \u0437\u043d\u0430\u0435\u0448\u044c, \u043a\u0430\u043a \u0432 \u041f\u0430\u0440\u0438\u0436\u0435 \u043d\u0430\u0437\u044b\u0432\u0430\u044e\u0442 \u0447\u0435\u0442\u0432\u0435\u0440\u0442\u044c\u0444\u0443\u043d\u0442\u043e\u0432\u044b\u0439 \u0447\u0438\u0437\u0431\u0443\u0440\u0433\u0435\u0440?\n\u2014 \u0427\u0442\u043e, \u043e\u043d\u0438 \u043d\u0435 \u0437\u043e\u0432\u0443\u0442 \u0435\u0433\u043e \u0447\u0435\u0442\u0432\u0435\u0440\u0442\u044c\u0444\u0443\u043d\u0442\u043e\u0432\u044b\u0439 \u0447\u0438\u0437\u0431\u0443\u0440\u0433\u0435\u0440?\n\u2014 \u0423 \u043d\u0438\u0445 \u0442\u0430\u043c \u043c\u0435\u0442\u0440\u0438\u0447\u0435\u0441\u043a\u0430\u044f \u0441\u0438\u0441\u0442\u0435\u043c\u0430. \u041e\u043d\u0438 \u0432\u043e\u043e\u0431\u0449\u0435 \u0442\u0430\u043c \u043d\u0435 \u043f\u043e\u043d\u0438\u043c\u0430\u044e\u0442, \u0447\u0442\u043e \u0437\u0430 \u0445\u0440\u0435\u043d \u0447\u0435\u0442\u0432\u0435\u0440\u0442\u044c \u0444\u0443\u043d\u0442\u0430.\n\u2014 \u0418 \u043a\u0430\u043a \u043e\u043d\u0438 \u0435\u0433\u043e \u0437\u043e\u0432\u0443\u0442?\n\u2014 \u041e\u043d\u0438 \u0437\u043e\u0432\u0443\u0442 \u0435\u0433\u043e \u00ab\u0420\u043e\u044f\u043b \u0447\u0438\u0437\u0431\u0443\u0440\u0433\u0435\u0440\u00bb.\n\u2014 \u00ab\u0420\u043e\u044f\u043b \u0447\u0438\u0437\u0431\u0443\u0440\u0433\u0435\u0440\u00bb? \u0410 \u043a\u0430\u043a \u0436\u0435 \u0442\u043e\u0433\u0434\u0430 \u043e\u043d\u0438 \u0437\u043e\u0432\u0443\u0442 \u00ab\u0411\u0438\u0433 \u041c\u0430\u043a\u00bb?\n\u2014 \u00ab\u0411\u0438\u0433 \u041c\u0430\u043a\u00bb \u044d\u0442\u043e \u00ab\u0411\u0438\u0433 \u041c\u0430\u043a\u00bb, \u0442\u043e\u043b\u044c\u043a\u043e \u043e\u043d\u0438 \u043d\u0430\u0437\u044b\u0432\u0430\u044e\u0442 \u0435\u0433\u043e \u00ab\u041b\u0451 \u0411\u0438\u0433 \u041c\u0430\u043a\u00bb.", "title": 5, "author": 100, "score": 8, "pub_date": "2019-09-24T21:08:21.567Z"}}, {"model": "reviews.review", "pk": 7, "fields": {"text": "\u041d\u0438\u0447\u0435\u0433\u043e \u043d\u0435 \u043f\u043e\u043d\u044f\u0442\u043d\u043e. \u041e\u043d\u0438 \u0442\u0430\u043c \u0447\u0442\u043e, \u0441\u0442\u0440\u0430\u043d\u0438\u0446\u044b \u0441\u0446\u0435\u043d\u0430\u0440\u0438\u044f \u043f\u0435\u0440\u0435\u043f\u0443\u0442\u0430\u043b\u0438? \u0415\u0433\u043e \u0441\u043f\u0435\u0440\u0432\u0430 \u0443\u0431\u0438\u043b\u0438, \u0430 \u043f\u043e\u0442\u043e\u043c \u043e\u043d \u043e\u043f\u044f\u0442\u044c \u0436\u0438\u0432, \u0430 \u043e\u043d\u0438 \u0441\u043f\u0435\u0440\u0432\u0430 \u0432 \u0444\u0443\u0442\u0431\u043e\u043b\u043a\u0430\u0445, \u043f\u043e\u0442\u043e\u043c \u0432 \u043a\u043e\u0441\u0442\u044e\u043c\u0430\u0445, \u0430 \u043f\u043e\u0442\u043e\u043c \u043e\u043f\u044f\u0442\u044c \u0432 \u0444\u0443\u0442\u0431\u043e\u043b\u043a\u0430\u0445. \u0415\u0440\u0443\u043d\u0434\u0430 \u043f\u043e\u043b\u043d\u0430\u044f", "title": 5, "author": 101, "score": 1, "pub_date": "2019-09-24T21:08:21.567Z"}}, {"model": "reviews.review", "pk": 8, "fields": {"text": "\u041e\u0447\u0435\u043d\u044c \u043f\u043e\u0443\u0447\u0438\u0442\u0435\u043b\u044c\u043d\u044b\u0439 \u0444\u0438\u043b\u044c\u043c \u043e \u0442\u043e\u043c, \u0447\u0442\u043e \u0442\u0430\u043a\u043e\u0435 \u0445\u043e\u0440\u043e\u0448\u043e, \u0447\u0442\u043e \u0442\u0430\u043a\u043e\u0435 \u043f\u043b\u043e\u0445\u043e \u0438 \u043f\u043e\u0447\u0435\u043c\u0443 \u043d\u0435 \u043d\u0430\u0434\u043e \u0447\u0438\u0442\u0430\u0442\u044c \u0432 \u0442\u0443\u0430\u043b\u0435\u0442\u0435.\n\u0422\u0432\u0435\u0440\u0434\u0430\u044f \u0432\u043e\u0441\u044c\u043c\u0451\u0440\u043a\u0430", "title": 5, "author": 102, "score": 8, "pub_date": "2019-09-24T21:08:21.567Z"}}, {"model": "reviews.review", "pk": 9, "fields": {"text": "\u041f\u043e\u0441\u043c\u043e\u0442\u0440\u0435\u043b \u0444\u0438\u043b\u044c\u043c. \n\u2014 \u041d\u0430 \u0441\u0432\u0435\u0442\u0435 \u0435\u0441\u0442\u044c \u0434\u0432\u0430 \u0442\u0438\u043f\u0430 \u043b\u044e\u0434\u0435\u0439: \u0442\u0435, \u043a\u0442\u043e \u043a\u043e\u043f\u0430\u0435\u0442 \u0438 \u0442\u0435, \u0443 \u043a\u043e\u0433\u043e \u0437\u0430\u0440\u044f\u0436\u0435\u043d \u0440\u0435\u0432\u043e\u043b\u044c\u0432\u0435\u0440.\n\u041f\u043e\u0439\u0434\u0443 \u043a\u043e\u043f\u0430\u0442\u044c, \u043a\u0430\u043a \u0432\u0435\u043b\u0435\u043b \u041a\u043b\u0438\u043d\u0442. \n\u0414\u0435\u0432\u044f\u0442\u044c \u0431\u0430\u043b\u043b\u043e\u0432.", "title": 6, "author": 103, "score": 9, "pub_date": "2019-09-24T21:08:21.567Z"}}, {"model": "reviews.review", "pk": 10, "fields": {"text": "\u0412\u0435\u0447\u043d\u0430\u044f \u043f\u0440\u043e\u0431\u043b\u0435\u043c\u0430 \u0432\u0441\u0435\u0445 \u0437\u043b\u043e\u0434\u0435\u0435\u0432, \u0431\u043e\u043b\u0442\u0430\u044e\u0449\u0438\u0445-\u0431\u043e\u043b\u0442\u0430\u044e\u0449\u0438\u0445-\u0431\u043e\u043b\u0442\u0430\u044e\u0449\u0438\u0445 \u0432\u043c\u0435\u0441\u0442\u043e \u0442\u043e\u0433\u043e, \u0447\u0442\u043e\u0431\u044b \u043f\u0440\u043e\u0441\u0442\u043e \u0437\u0430\u0441\u0442\u0440\u0435\u043b\u0438\u0442\u044c \u043f\u0440\u043e\u0442\u0438\u0432\u043d\u0438\u043a\u0430, \u043e\u0434\u043d\u0438\u043c \u043c\u0430\u0445\u043e\u043c \u0440\u0435\u0448\u0435\u043d\u0430 \u0432 \u044d\u0442\u043e\u0439 \u0441\u0446\u0435\u043d\u0435.\n\u0417\u0430 \u043e\u0434\u043d\u043e \u044d\u0442\u043e \u0444\u0438\u043b\u044c\u043c \u0437\u0430\u0441\u043b\u0443\u0436\u0438\u0432\u0430\u0435\u0442 \u0432\u044b\u0441\u0448\u0435\u0433\u043e \u0431\u0430\u043b\u043b\u0430\n\"\u041f\u0440\u0438\u0448\u0435\u043b \u0441\u0442\u0440\u0435\u043b\u044f\u0442\u044c - \u0441\u0442\u0440\u0435\u043b\u044f\u0439, \u0430 \u043d\u0435 \u0431\u043e\u043b\u0442\u0430\u0439!\"", "title": 6, "author": 104, "score": 10, "pub_date": "2019-09-24T21:08:21.567Z"}}, {"model": "reviews.review", "pk": 12, "fields": {"text": "\u041d\u0435\u0434\u0430\u0432\u043d\u043e \u0438\u043c\u0435\u043d\u043d\u043e \u0442\u0430\u043a \u044f \u0438\u0437\u043e\u0431\u0440\u0451\u043b \u0432\u0435\u0447\u043d\u044b\u0439 \u0434\u0432\u0438\u0433\u0430\u0442\u0435\u043b\u044c! \u0427\u0438\u0441\u0442\u0430\u044f \u043f\u0440\u0430\u0432\u0434\u0430 \u0432 \u0444\u0438\u043b\u044c\u043c\u0435, \u043f\u043e\u0447\u0435\u043c\u0443 \u043e\u043d \u043d\u0430\u0437\u0432\u0430\u043d \"\u0444\u0430\u043d\u0442\u0430\u0441\u0442\u0438\u043a\u043e\u0439\", \u044d\u0442\u043e \u0436\u0435 \u043f\u043e\u043b\u043d\u0435\u0439\u0448\u0438\u0439 \u0440\u0435\u0430\u043b\u0438\u0437\u043c!\n\u0412\u043e\u0442 \u0446\u0438\u0442\u0430\u0442\u0430. \u041d\u043e \u0437\u0430\u0447\u0435\u043c \u0435\u043c\u0443 \u0447\u0430\u0441\u044b \u0432 \u0443\u0431\u043e\u0440\u043d\u043e\u0439?!\n\u2014 \u0412 \u0442\u043e\u0442 \u0434\u0435\u043d\u044c \u044f \u0438\u0437\u043e\u0431\u0440\u0451\u043b \u043f\u0443\u0442\u0435\u0448\u0435\u0441\u0442\u0432\u0438\u0435 \u0432\u043e \u0432\u0440\u0435\u043c\u0435\u043d\u0438! \u041a\u0430\u043a \u0441\u0435\u0439\u0447\u0430\u0441 \u043f\u043e\u043c\u043d\u044e\u2026 \u042f \u0441\u0442\u043e\u044f\u043b \u043d\u0430 \u0443\u043d\u0438\u0442\u0430\u0437\u0435 \u0438 \u0432\u0435\u0448\u0430\u043b \u0447\u0430\u0441\u044b. \u0412\u0434\u0440\u0443\u0433 \u043f\u043e\u0434\u0441\u043a\u043e\u043b\u044c\u0437\u043d\u0443\u043b\u0441\u044f, \u0443\u0434\u0430\u0440\u0438\u043b\u0441\u044f \u0433\u043e\u043b\u043e\u0432\u043e\u0439 \u043e \u0440\u0430\u043a\u043e\u0432\u0438\u043d\u0443", "title": 14, "author": 101, "score": 8, "pub_date": "2019-09-24T21:08:21.567Z"}}, {"model": "reviews.review", "pk": 13, "fields": {"text": "\u0412\u0435\u043b\u0438\u043a\u0438\u0439 \u0444\u0438\u043b\u044c\u043c, \u0436\u0430\u043b\u044c \u0442\u043e\u043b\u044c\u043a\u043e, \u0447\u0442\u043e \u0431\u0443\u0434\u0443\u0449\u0435\u0435, \u043a\u043e\u0442\u043e\u0440\u043e\u0435 \u0432 \u043d\u0451\u043c \u043f\u043e\u043a\u0430\u0437\u0430\u043d\u043e, \u0443\u0436\u0435 \u0432 \u043f\u0440\u043e\u0448\u043b\u043e\u043c. \u041d\u043e \u043f\u0440\u043e\u0431\u043b\u0435\u043c\u044b \u0432\u0441\u0451 \u0442\u0435\u0436\u0435, \u0432\u043e\u0442 \u043a\u0430\u043a \u044d\u0442\u0430, \u043d\u0430\u043f\u0440\u0438\u043c\u0435\u0440: \u00ab\u0414\u043e\u043a, \u043f\u043e\u0441\u043b\u0443\u0448\u0430\u0439, \u0432\u0441\u0451, \u0447\u0442\u043e \u043d\u0430\u043c \u043d\u0443\u0436\u043d\u043e \u2014 \u044d\u0442\u043e \u043d\u0435\u043c\u043d\u043e\u0433\u043e \u043f\u043b\u0443\u0442\u043e\u043d\u0438\u044f!\u00bb\n\u0412\u0441\u0435\u0433\u0434\u0430 \u043d\u0435 \u0445\u0432\u0430\u0442\u0430\u0435\u0442 \u043a\u0430\u043a\u043e\u0439-\u043d\u0438\u0431\u0443\u0434\u044c \u043c\u0435\u043b\u043e\u0447\u0438. \u0421\u0435\u043c\u0451\u0440\u043a\u0430 \u0437\u0430 \u0442\u043e, \u0447\u0442\u043e \u0431\u0443\u0434\u0443\u0449\u0435\u0435 \u043e\u043a\u0430\u0437\u0430\u043b\u043e\u0441\u044c \u043d\u0435 \u0442\u0430\u043a\u0438\u043c, \u043a\u0430\u043a \u043e\u0431\u0435\u0449\u0430\u043b\u0438.", "title": 14, "author": 102, "score": 7, "pub_date": "2019-09-24T21:08:21.567Z"}}, {"model": "reviews.review", "pk": 14, "fields": {"text": "\u0411\u0443\u0434\u0443\u0449\u0435\u0435 \u0432\u044b\u0433\u043b\u044f\u0434\u0438\u0442 \u0441\u0442\u0440\u0430\u043d\u043d\u043e \u0438 \u043d\u0435\u043e\u0436\u0438\u0434\u0430\u043d\u043d\u043e, \u0442\u043e\u0436\u0435 \u043c\u043d\u0435, \u0431\u0438\u043d\u043e\u043c \u041d\u044c\u044e\u0442\u043e\u043d\u0430. \u041d\u043e \u0434\u0438\u0430\u043b\u043e\u0433 \u043f\u0440\u0435\u043a\u0440\u0430\u0441\u0435\u043d, \u0438 \u0437\u0430 \u044d\u0442\u043e \u043d\u0435 \u0441\u0442\u0430\u043d\u0443 \u0441\u0438\u043b\u044c\u043d\u043e \u043c\u0438\u043d\u0443\u0441\u043e\u0432\u0430\u0442\u044c.\n-- Then tell me, future boy, who's President of the United States in 1985?\n-- Ronald Reagan.\n-- Ronald Reagan? The actor? Then who's vice president? Jerry Lewis?", "title": 14, "author": 103, "score": 4, "pub_date": "2019-09-24T21:08:21.567Z"}}, {"model": "reviews.review", "pk": 15, "fields": {"text": "\u041d\u0435\u0443\u0436\u0435\u043b\u0438 \u0438\u0437 \u0442\u044e\u0440\u044c\u043c\u044b \u0442\u0430\u043a \u043b\u0435\u0433\u043a\u043e \u0431\u044b\u043b\u043e \u0441\u0431\u0435\u0436\u0430\u0442\u044c? \u0420\u0430\u0437 - \u0438 \u0442\u044b \u043d\u0430 \u0441\u0432\u043e\u0431\u043e\u0434\u0435. \u0414\u0430, \u043f\u043e\u0431\u0435\u0433 \u0438\u0437 \u0428\u043e\u0443\u0448\u0435\u043d\u043a\u0430 \u043f\u0440\u0438\u0448\u043b\u043e\u0441\u044c \u0433\u043e\u0442\u043e\u0432\u0438\u0442\u044c \u043d\u0435\u043c\u043d\u043e\u0433\u043e \u0434\u043e\u043b\u044c\u0448\u0435. \u041f\u044f\u0442\u044c \u0437\u0430 \u0441\u043e\u0446\u0440\u0435\u0430\u043b\u0438\u0437\u043c", "title": 17, "author": 104, "score": 5, "pub_date": "2019-09-24T21:08:21.567Z"}}, {"model": "reviews.review", "pk": 16, "fields": {"text": "\u0421\u0445\u043e\u0434\u0438\u043b\u0430 \u0432 \u043a\u0438\u043d\u043e, \u0440\u0435\u0448\u0438\u043b\u0430 \u043d\u0430\u043f\u0438\u0441\u0430\u0442\u044c: \u0434\u0440\u0430\u0439\u0432 \u0438 \u043e\u0433\u043e\u043d\u044c, \u043d\u043e \u0438\u043d\u043e\u0433\u0434\u0430 \u043a\u0430\u043a\u043e\u0439-\u0442\u043e \u0431\u0440\u0435\u0434 \u043d\u0430 \u044d\u043a\u0440\u0430\u043d\u0435. \u0412 \u0441\u0435\u0440\u0435\u0434\u0438\u043d\u0435 \u0444\u0438\u043b\u044c\u043c\u0430 \u043f\u0440\u043e\u0441\u0442\u043e \u043e\u0442\u043b\u0438\u0447\u043d\u044b\u0435 \u0434\u0438\u0430\u043b\u043e\u0433\u0438! \u041f\u0443\u0441\u0442\u044c \u0431\u0443\u0434\u0435\u0442 7", "title": 3, "author": 100, "score": 7, "pub_date": "2019-09-24T21:08:21.567Z"}}, {"model": "reviews.review", "pk": 17, "fields": {"text": "\u0421\u043c\u043e\u0442\u0440\u0435\u043b, \u043d\u0435 \u043e\u0442\u0440\u044b\u0432\u0430\u044f\u0441\u044c, \u0445\u043e\u0447\u0443 \u043e\u043f\u0438\u0441\u0430\u0442\u044c \u0441\u0432\u043e\u0438 \u0432\u043f\u0435\u0447\u0430\u0442\u043b\u0435\u043d\u0438\u044f. \u041f\u043e \u043c\u043e\u0435\u043c\u0443 \u043c\u043d\u0435\u043d\u0438\u044e, \u0441\u0446\u0435\u043d\u0430\u0440\u0438\u0439 \u043f\u043e\u0434\u043a\u0430\u0447\u0430\u043b, \u0437\u0430\u0442\u043e \u043f\u043e\u0434\u0431\u043e\u0440 \u0430\u043a\u0442\u0451\u0440\u043e\u0432 - \u0441\u0443\u043f\u0435\u0440. \u041d\u0430\u0447\u0430\u043b\u043e \u043d\u0435\u043c\u043d\u043e\u0433\u043e \u0437\u0430\u0442\u044f\u043d\u0443\u0442\u043e. \u041e\u043f\u0435\u0440\u0430\u0442\u043e\u0440\u0443 - \u041e\u0441\u043a\u0430\u0440\u0430! \u0412\u0441\u0451 \u043e\u0441\u0442\u0430\u043b\u044c\u043d\u043e\u0435 - \u043d\u0435 \u043e\u0447\u0435\u043d\u044c. \u0424\u0438\u043b\u044c\u043c \u0442\u044f\u043d\u0435\u0442 \u043d\u0430 8 \u0438\u0437 10", "title": 3, "author": 101, "score": 8, "pub_date": "2019-09-24T21:08:21.567Z"}}, {"model": "reviews.review", "pk": 18, "fields": {"text": "\u0421\u043a\u0430\u0447\u0430\u043b, \u043f\u043e\u0441\u043c\u043e\u0442\u0440\u0435\u043b, \u0434\u0443\u043c\u0430\u044e, \u0447\u0442\u043e \u0430\u043a\u0442\u0451\u0440\u044b \u0442\u0430\u043a \u0441\u0435\u0431\u0435, \u0441\u0446\u0435\u043d\u0430\u0440\u0438\u0439 \u0445\u043e\u0440\u043e\u0448\u0438\u0439. \u0414\u0438\u0430\u043b\u043e\u0433\u0438 \u043f\u0440\u0435\u043a\u0440\u0430\u0441\u043d\u044b\u0435, \u0442\u0430\u043a \u0447\u0442\u043e \u043f\u0443\u0441\u0442\u044c \u0431\u0443\u0434\u0435\u0442 \u0432\u043e\u0441\u0435\u043c\u044c \u0437\u0432\u0435\u0437\u0434", "title": 4, "author": 102, "score": 8, "pub_date": "2019-09-24T21:08:21.567Z"}}, {"model": "reviews.review", "pk": 19, "fields": {"text": "\u041f\u043e\u0441\u043c\u043e\u0442\u0440\u0435\u043b. \u041f\u043e \u043c\u043e\u0435\u043c\u0443 \u043c\u043d\u0435\u043d\u0438\u044e, \u0430\u043a\u0442\u0451\u0440\u044b \u0442\u0430\u043a \u0441\u0435\u0431\u0435, \u043d\u043e \u0441\u0446\u0435\u043d\u0430\u0440\u0438\u0439 \u0445\u043e\u0440\u043e\u0448\u0438\u0439. \u041f\u0435\u0440\u0432\u0443\u044e \u043f\u043e\u043b\u043e\u0432\u0438\u043d\u0443 \u0444\u0438\u043b\u044c\u043c\u0430 \u043c\u043e\u0436\u043d\u043e \u0441\u043f\u0430\u0442\u044c, \u043d\u0435 \u043e\u043f\u0430\u0441\u0430\u044f\u0441\u044c, \u0447\u0442\u043e \u0447\u0442\u043e-\u0442\u043e \u043f\u0440\u043e\u043f\u0443\u0441\u0442\u0438\u0448\u044c. \u041d\u0435 \u0440\u0430\u0437\u0434\u0443\u043c\u044b\u0432\u0430\u044f, \u0441\u0442\u0430\u0432\u043b\u044e \u0443\u0432\u0435\u0440\u0435\u043d\u043d\u0443\u044e \u0434\u0435\u0441\u044f\u0442\u043a\u0443", "title": 4, "author": 103, "score": 10, "pub_date": "2019-09-24T21:08:21.567Z"}}, {"model": "reviews.review", "pk": 20, "fields": {"text": "\u0421\u043a\u0430\u0436\u0443 \u0442\u0435\u043c, \u043a\u0442\u043e \u0435\u0449\u0451 \u043d\u0435 \u0441\u043c\u043e\u0442\u0440\u0435\u043b: \u0435\u0441\u043b\u0438 \u0431\u044b \u044f \u0431\u044b\u043b \u0440\u0435\u0436\u0438\u0441\u0441\u0451\u0440\u043e\u043c \u044d\u0442\u043e\u0433\u043e \u0444\u0438\u043b\u044c\u043c\u0430 - \u044f \u0431\u044b \u043d\u0435 \u0433\u043e\u0440\u0434\u0438\u043b\u0441\u044f. \u041e\u043f\u0435\u0440\u0430\u0442\u043e\u0440\u0430 \u0443\u0432\u043e\u043b\u0438\u0442\u044c, \u0444\u0438\u043b\u044c\u043c \u043f\u043e\u043b\u0443\u0447\u0438\u043b\u0441\u044f \u0442\u0430\u043a \u0441\u0435\u0431\u0435, \u043d\u043e \u043e\u0434\u0438\u043d \u0440\u0430\u0437 \u043f\u043e\u0441\u043c\u043e\u0442\u0440\u0435\u0442\u044c - \u0441\u043e\u0439\u0434\u0451\u0442. \u0410\u0432\u0442\u043e\u0440\u044b \u0447\u0435\u0441\u0442\u043d\u043e \u0437\u0430\u0441\u043b\u0443\u0436\u0438\u043b\u0438 5 \u0438\u0437 10", "title": 7, "author": 104, "score": 5, "pub_date": "2019-09-24T21:08:21.567Z"}}, {"model": "reviews.review", "pk": 21, "fields": {"text": "\u0421\u043a\u0430\u0447\u0430\u043b, \u043f\u043e\u0441\u043c\u043e\u0442\u0440\u0435\u043b, \u0434\u0443\u043c\u0430\u044e, \u0447\u0442\u043e \u0441\u0446\u0435\u043d\u0430\u0440\u0438\u0439 \u043f\u043e\u0434\u043a\u0430\u0447\u0430\u043b, \u0437\u0430\u0442\u043e \u043f\u043e\u0434\u0431\u043e\u0440 \u0430\u043a\u0442\u0451\u0440\u043e\u0432 - \u0441\u0443\u043f\u0435\u0440. \u041d\u0430\u0447\u0430\u043b\u043e \u043d\u0435\u043c\u043d\u043e\u0433\u043e \u0437\u0430\u0442\u044f\u043d\u0443\u0442\u043e, \u0434\u0430 \u0438 \u0432\u043e\u043e\u0431\u0449\u0435 \u043d\u0435 \u043e\u0447\u0435\u043d\u044c. \u0424\u0438\u043b\u044c\u043c \u0435\u0434\u0432\u0430 \u0442\u044f\u043d\u0435\u0442 \u043d\u0430 4", "title": 7, "author": 100, "score": 4, "pub_date": "2019-09-24T21:08:21.567Z"}}, {"model": "reviews.review", "pk": 22, "fields": {"text": "\u041c\u043d\u0435 \u043a\u0430\u0436\u0435\u0442\u0441\u044f, \u0447\u0442\u043e \u044f \u0432\u043f\u0443\u0441\u0442\u0443\u044e \u043f\u043e\u0442\u0435\u0440\u044f\u043b \u0432\u0440\u0435\u043c\u044f. \u0421\u0442\u0430\u0432\u043b\u044e 2", "title": 8, "author": 101, "score": 2, "pub_date": "2019-09-24T21:08:21.567Z"}}, {"model": "reviews.review", "pk": 23, "fields": {"text": "\u041f\u043e\u0441\u043c\u043e\u0442\u0440\u0435\u043b\u0430. \u0410\u043a\u0442\u0451\u0440\u044b \u0442\u0430\u043a \u0441\u0435\u0431\u0435, \u0441\u0446\u0435\u043d\u0430\u0440\u0438\u0439 \u0445\u043e\u0440\u043e\u0448\u0438\u0439. \u0423\u0441\u043d\u0443\u043b\u0430 \u043a \u0441\u0435\u0440\u0435\u0434\u0438\u043d\u0435. \u041d\u0435 \u0440\u0430\u0437\u0434\u0443\u043c\u044b\u0432\u0430\u044f, \u0441\u0442\u0430\u0432\u043b\u044e \u0434\u0432\u043e\u0439\u043a\u0443 ", "title": 8, "author": 102, "score": 2, "pub_date": "2019-09-24T21:08:21.567Z"}}, {"model": "reviews.review", "pk": 24, "fields": {"text": "\u0412\u0441\u0435 \u043e\u0447\u0435\u043d\u044c \u0434\u043e\u043b\u0433\u043e \u0436\u0434\u0430\u043b\u0438 \u043f\u0440\u0435\u043c\u044c\u0435\u0440\u0443 \u0444\u0438\u043b\u044c\u043c\u0430,\u0438 \u043d\u0430\u043a\u043e\u043d\u0435\u0446 \u0434\u043e\u0436\u0434\u0430\u043b\u0438\u0441\u044c.\u0424\u0438\u043b\u044c\u043c \u043e\u0442\u043b\u0438\u0447\u043d\u044b\u0439,\u0434\u043e\u0431\u0440\u044b\u0439,\u0441\u043c\u043e\u0442\u0440\u0438\u0442\u0441\u044f \u043f\u043e\u0447\u0442\u0438 \u043d\u0430 \u043e\u0434\u043d\u043e\u043c \u0434\u044b\u0445\u0430\u043d\u0438\u0438,\u0441 \u0437\u0430\u0432\u044f\u0437\u0430\u043d\u043d\u044b\u043c \u0441\u044e\u0436\u0435\u0442\u043e\u043c \u0438 \u043d\u0435 \u043c\u0435\u043d\u0435\u0435 \u043a\u0440\u0443\u0442\u043e\u0439 \u043c\u0443\u0437\u044b\u043a\u043e\u0439.\u041a\u0438\u043d\u043e \u043e\u0447\u0435\u043d\u044c \u043f\u043e\u043d\u0440\u0430\u0432\u0438\u043b\u043e\u0441\u044c!!!\u0412\u0441\u0435\u043c \u0441\u043e\u0432\u0435\u0442\u0443\u044e.", "title": 9, "author": 103, "score": 10, "pub_date": "2019-09-24T21:08:21.567Z"}}, {"model": "reviews.review", "pk": 25, "fields": {"text": "\u041e\u0442\u0441\u0442\u043e\u0439-\u0444\u0438\u043b\u044c\u043c. \u041d\u0435 \u0445\u043e\u0434\u0438\u0442\u0435", "title": 9, "author": 104, "score": 1, "pub_date": "2019-09-24T21:08:21.567Z"}}, {"model": "reviews.review", "pk": 26, "fields": {"text": "\u0414\u043b\u044f \u043b\u044e\u0434\u0435\u0439, \u043a\u043e\u0442\u043e\u0440\u044b\u0435 \u0445\u043e\u0442\u044f\u0442 \u043f\u043e\u0441\u043c\u0435\u044f\u0442\u044c\u0441\u044f \u0438 \u043f\u043e\u043b\u0443\u0447\u0438\u0442\u044c \u043c\u043e\u0440\u0435 \u044d\u043c\u043e\u0446\u0438\u0439, \u0442\u043e\u0442 \u0441\u0430\u043c\u044b\u0439 \u0444\u0438\u043b\u044c\u043c. \u041c\u043d\u0435 \u043e\u0447\u0435\u043d\u044c \u043f\u043e\u043d\u0440\u0430\u0432\u0438\u043b\u0441\u044f.", "title": 9, "author": 100, "score": 10, "pub_date": "2019-09-24T21:08:21.567Z"}}, {"model": "reviews.review", "pk": 27, "fields": {"text": "\u041f\u0435\u0440\u0432\u044b\u0439 \u0440\u0430\u0437 \u0432 \u0436\u0438\u0437\u043d\u0438 \u0440\u0435\u0448\u0438\u043b\u0430 \u043d\u0430\u043f\u0438\u0441\u0430\u0442\u044c \u043e\u0442\u0437\u044b\u0432,\u0447\u0442\u043e\u0431\u044b \u043f\u0440\u0435\u0434\u043e\u0441\u0442\u0435\u0440\u0435\u0447\u044c \u043e\u0442 \u043f\u043e\u0442\u0435\u0440\u0438 \u0434\u0435\u043d\u0435\u0433 \u043d\u0430 \u0431\u0438\u043b\u0435\u0442 \u0438 \u0442\u0440\u0430\u0442\u044b \u0432\u0440\u0435\u043c\u0435\u043d\u0438 \u043d\u0430 \u043f\u0440\u043e\u0441\u043c\u043e\u0442\u0440. \u041a \u0438\u0433\u0440\u0435 \u0430\u043a\u0442\u0435\u0440\u043e\u0432 \u043f\u0440\u0435\u0442\u0435\u043d\u0437\u0438\u0439 \u043d\u0435\u0442", "title": 10, "author": 101, "score": 2, "pub_date": "2019-09-24T21:08:21.567Z"}}, {"model": "reviews.review", "pk": 28, "fields": {"text": "2 \u0447\u0430\u0441\u0430 \u0441\u043c\u043e\u0442\u0440\u044f\u0442\u0441\u044f \u043d\u0430 \u043e\u0434\u043d\u043e\u043c \u0434\u044b\u0445\u0430\u043d\u0438\u0438. \u0421\u043f\u0435\u0446\u044d\u0444\u0444\u0435\u043a\u0442\u044b \u043d\u0430 \u0443\u0440\u043e\u0432\u043d\u0435 \u0444\u0438\u043b\u044c\u043c\u043e\u0432 \u041c\u0430\u0440\u0432\u0435\u043b\u0430. \u0421\u043c\u043e\u0442\u0440\u0435\u043b\u0438 \u0432\u0441\u0435\u0439 \u0441\u0435\u043c\u044c\u0435\u0439. \u041f\u043e\u0441\u043c\u043e\u0442\u0440\u0435\u043b \u043d\u0435\u0441\u043a\u043e\u043b\u044c\u043a\u043e \u043e\u0442\u0437\u044b\u0432\u043e\u0432, \u043f\u043e\u043d\u044f\u043b , \u0447\u0442\u043e \u0444\u0438\u043b\u044c\u043c \u0441\u0442\u043e\u0438\u0442 \u043f\u043e\u0441\u043c\u043e\u0442\u0440\u0435\u0442\u044c", "title": 10, "author": 102, "score": 10, "pub_date": "2019-09-24T21:08:21.567Z"}}, {"model": "reviews.review", "pk": 29, "fields": {"text": "\u0414\u0435\u0439\u0441\u0442\u0432\u0438\u044f \u043f\u0435\u0440\u0441\u043e\u043d\u0430\u0436\u0435\u0439 \u0432\u044b\u0437\u044b\u0432\u0430\u044e\u0442 \u043f\u043e\u0441\u0442\u043e\u044f\u043d\u043d\u044b\u0439 \u0432\u043e\u043f\u0440\u043e\u0441\u044b - \u0447\u0442\u043e \u0438 \u0437\u0430\u0447\u0435\u043c \u043e\u043d\u0438 \u044d\u0442\u043e \u0434\u0435\u043b\u0430\u044e\u0442. \u041b\u043e\u0433\u0438\u043a\u0438 \u043f\u0440\u043e\u0441\u0442\u043e \u043d\u0435\u0442. \u041f\u043e\u0441\u043b\u0435 \u043f\u043e\u043b\u043e\u0432\u0438\u043d\u044b \u0444\u0438\u043b\u044c\u043c\u0430 \u0443\u0436\u0435 \u0445\u043e\u0447\u0435\u0442\u0441\u044f \u0443\u0439\u0442\u0438", "title": 11, "author": 103, "score": 1, "pub_date": "2019-09-24T21:08:21.567Z"}}, {"model": "reviews.review", "pk": 30, "fields": {"text": "\u041b\u0443\u0447\u0448\u0438\u0439 \u0444\u0438\u043b\u044c\u043c, \u043e\u0434\u043d\u043e\u0437\u043d\u0430\u0447\u043d\u043e. \u0428\u0435\u0434\u0435\u0432\u0440. \u041d\u043e \u0441\u043b\u0435\u0434\u0443\u0435\u0442 \u043f\u043e\u043d\u0438\u043c\u0430\u0442\u044c, \u0447\u0442\u043e \u044d\u0442\u043e \u043d\u0435 \u043a\u0438\u043d\u043e \u043f\u043e\u0434 \u043f\u0438\u0432\u043e \u0434\u043b\u044f \u043c\u043e\u043b\u043e\u0434\u0435\u0436\u0438. \u0421\u0442\u0438\u043b\u044c\u043d\u043e \u0441\u043d\u044f\u0442\u043e, \u043d\u0430 \u043e\u0434\u043d\u043e\u043c \u0434\u044b\u0445\u0430\u043d\u0438\u0438\n\u0441\u043c\u043e\u0442\u0440\u0438\u0442\u0441\u044f, \u043f\u0435\u0440\u0441\u043e\u043d\u0430\u0436\u0438 \u0432\u0435\u043b\u0438\u043a\u043e\u043b\u0435\u043f\u043d\u044b", "title": 11, "author": 104, "score": 10, "pub_date": "2019-09-24T21:08:21.567Z"}}, {"model": "reviews.review", "pk": 31, "fields": {"text": "\u0422\u0443\u043f\u0435\u0435 \u043d\u0435 \u0432\u0438\u0434\u0435\u043b, \u0441\u043c\u043e\u0442\u0440\u0435\u0442\u044c \u043d\u0435 \u0438\u043d\u0442\u0435\u0440\u0435\u0441\u043d\u043e \u0441\u043a\u0443\u0447\u043d\u044f\u043a", "title": 11, "author": 100, "score": 1, "pub_date": "2019-09-24T21:08:21.567Z"}}, {"model": "reviews.review", "pk": 32, "fields": {"text": "\u0424\u0438\u043b\u044c\u043c \u0438\u043d\u0442\u0435\u0440\u0435\u0441\u043d\u044b\u0439,\u043d\u043e \u043d\u0435 \u0434\u043e\u0440\u0430\u0431\u043e\u0442\u0430\u043d\u043d\u044b\u0439.\u041e\u0441\u0442\u0440\u043e\u0442\u044b \u0441\u044e\u0436\u0435\u0442\u0430 \u043d\u0435 \u0445\u0432\u0430\u0442\u0430\u0435\u0442", "title": 12, "author": 101, "score": 8, "pub_date": "2019-09-24T21:08:21.567Z"}}, {"model": "reviews.review", "pk": 33, "fields": {"text": "\u0421\u0430\u043c\u0430\u044f \u0441\u0438\u043b\u044c\u043d\u0430\u044f \u043a\u0430\u0440\u0442\u0438\u043d\u0430 \u0437\u0430 \u043f\u043e\u0441\u043b\u0435\u0434\u043d\u0435\u0435 \u0432\u0440\u0435\u043c\u044f. \u0424\u0438\u043b\u044c\u043c \u0437\u0430\u0441\u0442\u0430\u0432\u043b\u044f\u0435\u0442 \u043f\u043b\u0430\u043a\u0430\u0442\u044c, \u0440\u0430\u0434\u043e\u0432\u0430\u0442\u044c\u0441\u044f, \u0433\u0440\u0443\u0441\u0442\u0438\u0442\u044c, \u0434\u0435\u0440\u0436\u0438\u0442 \u0432 \u043d\u0430\u043f\u0440\u044f\u0436\u0435\u043d\u0438\u0438", "title": 12, "author": 102, "score": 10, "pub_date": "2019-09-24T21:08:21.567Z"}}, {"model": "reviews.review", "pk": 34, "fields": {"text": "\u0421 \u043e\u0433\u0440\u043e\u043c\u043d\u044b\u043c \u0443\u0434\u043e\u0432\u043e\u043b\u044c\u0441\u0442\u0432\u0438\u0435\u043c \u0441\u0445\u043e\u0434\u0438\u043b\u0430 \u0432 \u043a\u0438\u043d\u043e\u0442\u0435\u0430\u0442\u0440. \u041e\u0434\u043d\u043e\u0440\u0430\u0437\u043e\u0432\u044b\u0435 \u0444\u0438\u043b\u044c\u043c\u044b, \u043d\u0430\u0437\u0432\u0430\u043d\u0438\u044f \u043a\u043e\u0442\u043e\u0440\u044b\u0445 \u0437\u0430\u0431\u044b\u0432\u0430\u0435\u0448\u044c \u043d\u0430 \u0432\u044b\u0445\u043e\u0434\u0435 \u0438\u0437 \u0434\u0432\u0435\u0440\u0435\u0439 \u043a\u0438\u043d\u043e\u0437\u0430\u043b\u0430, \u0440\u0430\u0437\u043e\u0447\u0430\u0440\u043e\u0432\u044b\u0432\u0430\u044e\u0442. \u0418 \u0432\u043e\u0442 \u043d\u0430\u0441\u0442\u043e\u044f\u0449\u0438\u0439, \u0434\u0443\u0448\u0435\u0432\u043d\u044b\u0439, \u0436\u0438\u0437\u043d\u0435\u043d\u043d\u044b\u0439 \u0444\u0438\u043b\u044c\u043c. \u0418\u0433\u0440\u0430 \u0430\u043a\u0442\u043e\u0440\u043e\u0432 \u0438 \u0441\u044e\u0436\u0435\u0442 \u0431\u043e\u043c\u0431\u0438\u0447\u0435\u0441\u043a\u0438\u0435.", "title": 12, "author": 103, "score": 9, "pub_date": "2019-09-24T21:08:21.567Z"}}, {"model": "reviews.review", "pk": 35, "fields": {"text": "\u0427\u0442\u043e \u0441\u043a\u0430\u0437\u0430\u0442\u044c \u043f\u043e\u0441\u043b\u0435 \u043f\u0440\u043e\u0441\u043c\u043e\u0442\u0440\u0430? \u041d\u0438\u0447\u0435\u0433\u043e. \u0422\u0430\u043a\u043e\u0435 \u043e\u0449\u0443\u0449\u0435\u043d\u0438\u0435, \u0447\u0442\u043e \u0442\u0435\u0431\u044f \u043e\u0431\u043c\u0430\u043d\u0443\u043b\u0438, \u0437\u0430\u0441\u0442\u0430\u0432\u0438\u043b\u0438 \u0441\u043c\u043e\u0442\u0440\u0435\u0442\u044c \u0437\u0430 \u0442\u0432\u043e\u0438 \u0434\u0435\u043d\u044c\u0433\u0438 \u043d\u0430 \u0441\u0442\u0435\u043d\u0443", "title": 13, "author": 104, "score": 1, "pub_date": "2019-09-24T21:08:21.567Z"}}, {"model": "reviews.review", "pk": 36, "fields": {"text": "\u0425\u043e\u0442\u0435\u043b\u043e\u0441\u044c \u0443\u0439\u0442\u0438 \u0443\u0436\u0435 \u043d\u0430 \u0434\u0432\u0430\u0434\u0446\u0430\u0442\u043e\u0439 \u043c\u0438\u043d\u0443\u0442\u0435. \u041d\u0435\u0438\u043d\u0442\u0435\u0440\u0435\u0441\u043d\u043e \u0438 \u043d\u0443\u0434\u043d\u043e. \u0420\u0435\u0436\u0438\u0441\u0441\u0443\u0440\u0430 \u043d\u0435 \u0432\u043f\u0435\u0447\u0430\u0442\u043b\u0438\u043b\u0430, \u043d\u0443 \u043f\u0440\u043e\u0441\u0442\u043e \u043d\u0435\u0438\u043d\u0442\u0435\u0440\u0435\u0441\u043d\u043e \u0441\u043c\u043e\u0442\u0440\u0435\u0442\u044c \u0431\u044b\u043b\u043e", "title": 13, "author": 100, "score": 2, "pub_date": "2019-09-24T21:08:21.567Z"}}, {"model": "reviews.review", "pk": 37, "fields": {"text": "\u0424\u0438\u043b\u044c\u043c \u0441\u0442\u043e\u0438\u0442 \u0443\u0432\u0438\u0434\u0435\u0442\u044c \u0442\u0435\u043c, \u043a\u043e\u043c\u0443 \u0438\u043d\u0442\u0435\u0440\u0435\u0441\u043d\u043e \u0441\u043e\u0432\u0440\u0435\u043c\u0435\u043d\u043d\u043e\u0435 \u043a\u0438\u043d\u043e. \u041d\u0435 \u0441\u043a\u0443\u0447\u043d\u043e, \u043d\u0435 \u0437\u0430\u0442\u044f\u043d\u0443\u0442\u043e, \u043f\u043e\u043d\u0440\u0430\u0432\u0438\u043b\u0430\u0441\u044c \u043e\u043f\u0435\u0440\u0430\u0442\u043e\u0440\u0441\u043a\u0430\u044f \u0440\u0430\u0431\u043e\u0442\u0430, \u043d\u0435\u043a\u043e\u0442\u043e\u0440\u044b\u0435 \u0441\u0446\u0435\u043d\u044b \u0441\u0434\u0435\u043b\u0430\u043d\u044b \u043d\u0430 \u0445\u043e\u0440\u043e\u0448\u0435\u043c \u0443\u0440\u043e\u0432\u043d\u0435", "title": 13, "author": 101, "score": 8, "pub_date": "2019-09-24T21:08:21.567Z"}}, {"model": "reviews.review", "pk": 38, "fields": {"text": "\u041c\u0443\u0442\u043e\u0440\u043d\u043e \u0438 \u0442\u044f\u0436\u0435\u043b\u043e. \u0421\u0442\u0430\u0432\u043b\u044e 2", "title": 15, "author": 102, "score": 2, "pub_date": "2019-09-24T21:08:21.567Z"}}, {"model": "reviews.review", "pk": 39, "fields": {"text": "\u0424\u0438\u043b\u044c\u043c \u043d\u0435 \u043e\u043f\u0440\u0430\u0432\u0434\u0430\u043b \u043e\u0436\u0438\u0434\u0430\u043d\u0438\u0439. \u0421\u043f\u043b\u043e\u0448\u043d\u0430\u044f \u043a\u0430\u0448\u0430, \u0441\u043b\u0430\u0431\u044b\u0439 \u0441\u0446\u0435\u043d\u0430\u0440\u0438\u0439. \u0421 \u0442\u0440\u0443\u0434\u043e\u043c \u0434\u043e\u0441\u043c\u043e\u0442\u0440\u0435\u043b\u0430 \u0434\u043e \u043a\u043e\u043d\u0446\u0430. \u041e\u0436\u0438\u0434\u0430\u043b\u0430 \u043d\u0435\u0447\u0442\u043e \u0442\u0430\u043a\u043e\u0433\u043e \u0438\u043d\u0442\u0435\u0440\u0435\u0441\u043d\u043e\u0433\u043e \u0438 \u0437\u0430\u0445\u0432\u0430\u0442\u044b\u0432\u0430\u044e\u0449\u0435\u0435. \u041f\u043e\u043b\u043d\u043e\u0435 \u0440\u0430\u0437\u043e\u0447\u0430\u0440\u043e\u0432\u0430\u043d\u0438\u0435. \u041e\u0442\u0434\u0435\u043b\u044c\u043d\u044b\u0435 \u043d\u0435\u0441\u0432\u044f\u0437\u043d\u044b\u0435 \u0441\u0446\u0435\u043d\u044b, \u043d\u0435\u043f\u043e\u043d\u044f\u0442\u043d\u044b\u0435 \u0434\u0438\u0430\u043b\u043e\u0433\u0438", "title": 15, "author": 103, "score": 3, "pub_date": "2019-09-24T21:08:21.567Z"}}, {"model": "reviews.review", "pk": 40, "fields": {"text": "\u041c\u043d\u0435 \u0444\u0438\u043b\u044c\u043c \u043f\u043e\u043d\u0440\u0430\u0432\u0438\u043b\u0441\u044f. \u0412\u0441\u0435 \u043a\u0430\u0447\u0435\u0441\u0442\u0432\u0435\u043d\u043d\u043e,\u043a\u0440\u0430\u0441\u0438\u0432\u043e. \u0418\u0433\u0440\u0430 \u0430\u043a\u0442\u0435\u0440\u043e\u0432, \u0432 \u043e\u0441\u043d\u043e\u0432\u043d\u043e\u043c, \u043e\u0447\u0435\u043d\u044c \u0434\u0430\u0436\u0435. \u041d\u043e \u0441\u043b\u0438\u0448\u043a\u043e\u043c \u043c\u043d\u043e\u0433\u043e, \u0434\u043b\u044f \u043c\u0435\u043d\u044f \u043a\u0440\u043e\u0432\u0430\u0432\u044b\u0445 \u0441\u0446\u0435\u043d,\u0441\u043b\u0430\u0431\u043e\u043d\u0435\u0440\u0432\u043d\u044b\u043c \u043f\u0440\u043e\u0441\u044c\u0431\u0430 \u043d\u0435 \u0441\u043c\u043e\u0442\u0440\u0435\u0442\u044c", "title": 15, "author": 104, "score": 9, "pub_date": "2019-09-24T21:08:21.567Z"}}, {"model": "reviews.review", "pk": 41, "fields": {"text": "\u0417\u0440\u044f \u043f\u043e\u0442\u0435\u0440\u044f\u043d\u043d\u043e\u0435 \u0432\u0440\u0435\u043c\u044f! \u042d\u043c\u043e\u0446\u0438\u0438 \u043f\u043e\u0441\u043b\u0435 \u043f\u0440\u043e\u0441\u043c\u043e\u0442\u0440\u0430, - \u0431\u0435\u0437\u044b\u0441\u0445\u043e\u0434\u043d\u043e\u0441\u0442\u044c, \u043d\u0438\u0447\u0435\u0433\u043e \u0443\u0436\u0435 \u043d\u0435 \u0438\u0437\u043c\u0435\u043d\u0438\u0448\u044c. \u0424\u0438\u043b\u044c\u043c \u0432\u043e\u043e\u0431\u0449\u0435 \u043d\u0438\u043a\u0430\u043a\u043e\u0439!!!\n\u0418 \u043f\u043e\u0441\u0442\u0430\u0432\u0438\u043b\u0438 \u0435\u0433\u043e \u043b\u044e\u0434\u0438 \u0431\u0435\u0437\u0434\u0430\u0440\u043d\u044b\u0435 \u0438 \u043d\u0438\u043a\u0447\u0451\u043c\u043d\u044b\u0435!!!", "title": 16, "author": 100, "score": 1, "pub_date": "2019-09-24T21:08:21.567Z"}}, {"model": "reviews.review", "pk": 42, "fields": {"text": "\u041f\u043e\u0441\u043b\u0435 \u043f\u0440\u043e\u0441\u043c\u043e\u0442\u0440\u0430 \u0440\u0430\u0437\u043e\u0447\u0430\u0440\u043e\u0432\u0430\u043d\u0438\u0435 \u0433\u0440\u0430\u043d\u0438\u0447\u0438\u0442 \u0441 \u0448\u043e\u043a\u043e\u043c. \u0411\u0435\u0437\u0434\u0430\u0440\u043d\u044b\u0439 \u0444\u0438\u043b\u044c\u043c, \u043a\u0430\u043a \u043f\u0440\u0435\u0434\u044b\u0434\u0443\u0449\u0438\u0439 \u043e\u0442 \u044d\u0442\u043e\u0433\u043e \u0436\u0435 \u0440\u0435\u0436\u0438\u0441\u0441\u0435\u0440\u0430. \u041d\u0435 \u0440\u0435\u043a\u043e\u043c\u0435\u043d\u0434\u0443\u044e \u043d\u0438\u043a\u043e\u043c\u0443! \u041f\u043b\u043e\u0445\u043e, \u043d\u0435\u043f\u0440\u0430\u0432\u0434\u043e\u043f\u043e\u0434\u043e\u0431\u043d\u043e, \u0441\u043a\u043e\u043c\u043a\u0430\u043d\u043e \u0441\u043d\u044f\u0442\u043e.", "title": 16, "author": 101, "score": 2, "pub_date": "2019-09-24T21:08:21.567Z"}}, {"model": "reviews.review", "pk": 43, "fields": {"text": "\u0424\u0438\u043b\u044c\u043c \u043c\u043e\u0449\u043d\u044b\u0439. \u0413\u043b\u0430\u0432\u043d\u043e\u0435 - \u043d\u0435 \u0437\u0430\u043d\u0438\u043c\u0430\u0442\u044c \u0447\u044c\u044e-\u0442\u043e \u043f\u043e\u0437\u0438\u0446\u0438\u044e, \u0430 \u0441\u043c\u043e\u0442\u0440\u0435\u0442\u044c \u0441\u043e \u0441\u0442\u043e\u0440\u043e\u043d\u044b. \u0412\u043f\u0435\u0440\u0432\u044b\u0435 \u0432\u0438\u0436\u0443, \u0447\u0442\u043e\u0431\u044b \u0431\u044b\u043b\u043e \u0442\u0430\u043a \u0434\u0435\u0442\u0430\u043b\u044c\u043d\u043e \u043f\u043e\u043a\u0430\u0437\u0430\u043d\u044b \u043f\u0435\u0440\u0435\u0436\u0438\u0432\u0430\u043d\u0438\u044f \u0438 \u044d\u043c\u043e\u0446\u0438\u0438 \u043a\u0430\u0436\u0434\u043e\u0433\u043e \u0433\u0435\u0440\u043e\u044f. \u0412\u0441\u0435 \u043d\u0430 \u0441\u0432\u043e\u0435\u043c \u043c\u0435\u0441\u0442\u0435. \u0410\u043a\u0442\u0435\u0440\u044b \u0438 \u0433\u0440\u0430\u0444\u0438\u043a\u0430 \u043d\u0430 \u0432\u044b\u0441\u043e\u0442\u0435.", "title": 16, "author": 102, "score": 10, "pub_date": "2019-09-24T21:08:21.567Z"}}, {"model": "reviews.review", "pk": 44, "fields": {"text": "\u0415\u0441\u043b\u0438 \u0442\u0430\u043a\u043e\u0439 \u0436\u0430\u043d\u0440 \u0432\u0430\u043c \u043f\u043e \u0432\u043a\u0443\u0441\u0443, \u0442\u043e \u0434\u0430\u0436\u0435 \u043d\u0435 \u0441\u043e\u043c\u043d\u0435\u0432\u0430\u0439\u0442\u0435\u0441\u044c - \u0431\u0435\u0433\u043e\u043c \u0432 \u043a\u0438\u043d\u043e\u0442\u0435\u0430\u0442\u0440! \u0424\u0438\u043b\u044c\u043c - \u043e\u0433\u043e\u043d\u044c! \u0418\u043d\u0442\u0435\u0440\u0435\u0441\u043d\u044b\u0439 \u0441\u044e\u0436\u0435\u0442, \u0432\u0435\u043b\u0438\u043a\u043e\u043b\u0435\u043f\u043d\u0430\u044f \u0438\u0433\u0440\u0430 \u0430\u043a\u0442\u0451\u0440\u043e\u0432, \u0441\u044a\u0451\u043c\u043a\u0438 \u043f\u0440\u043e\u0441\u0442\u043e \u0441\u0443\u043f\u0435\u0440, \u0434\u0430 \u0438 \u0441\u043f\u0435\u0446\u044d\u0444\u0444\u0435\u043a\u0442\u044b \u043d\u0430 \u0432\u044b\u0441\u043e\u0442\u0435", "title": 17, "author": 103, "score": 10, "pub_date": "2019-09-24T21:08:21.567Z"}}, {"model": "reviews.review", "pk": 45, "fields": {"text": "\u0421\u044e\u0436\u0435\u0442, \u043c\u044b\u0441\u043b\u044c, \u0444\u0438\u043b\u043e\u0441\u043e\u0444\u0438\u044f, \u0438\u0433\u0440\u0430 \u0430\u043a\u0442\u0435\u0440\u043e\u0432, \u044d\u043c\u043e\u0446\u0438\u0438 - \u0431\u043b\u0435\u0441\u043a! \u0421\u044e\u0436\u0435\u0442 \u0434\u0438\u043d\u0430\u043c\u0438\u0447\u043d\u044b\u0439, \u0438\u0433\u0440\u0430 \u0430\u043a\u0442\u0451\u0440\u043e\u0432 \u0445\u043e\u0440\u043e\u0448\u0430, \u043d\u043e \u043d\u0435 \u0438\u0434\u0435\u0430\u043b\u044c\u043d\u0430.", "title": 18, "author": 104, "score": 8, "pub_date": "2019-09-24T21:08:21.567Z"}}, {"model": "reviews.review", "pk": 46, "fields": {"text": "\u0420\u0430\u0437\u043e\u0447\u0430\u0440\u043e\u0432\u0430\u043d\u0438\u043d\u0435, \u0432\u044b\u0442\u0430\u0449\u0438\u043b\u0430 \u0441\u0435\u0431\u044f \u0432 \u043a\u0438\u043d\u043e, \u0430 \u0442\u0443\u0442 \u0442\u0430\u043a\u043e\u0435. \u0420\u0435\u043a\u043b\u0430\u043c\u0430 \u0448\u043b\u0430 \u043c\u043d\u043e\u043e\u043e\u0431\u0435\u0449\u0430\u044e\u0449\u0430\u044f, \u0430 \u0432 \u0440\u0435\u0430\u043b\u044c\u043d\u043e\u0441\u0442\u0438 \u0432\u0441\u0451 \u043d\u0435 \u0442\u043e", "title": 18, "author": 100, "score": 2, "pub_date": "2019-09-24T21:08:21.567Z"}}, {"model": "reviews.review", "pk": 47, "fields": {"text": "\u041d\u0435\u043f\u0440\u0430\u0432\u0434\u043e\u043f\u043e\u0434\u043e\u0431\u043d\u044b\u0439, \u043d\u0435\u043b\u043e\u0433\u0438\u0447\u043d\u044b\u0439, \u0431\u0435\u0441\u0441\u043c\u044b\u0441\u043b\u0435\u043d\u043d\u044b\u0439 \u0444\u0438\u043b\u044c\u043c. \u041f\u0440\u043e\u0441\u0442\u043e \u043d\u0438\u043a\u0430\u043a\u043e\u0439, \u043c\u043e\u0436\u0435\u0442\u0435 \u0434\u0430\u0436\u0435 \u043d\u0435 \u0441\u043c\u043e\u0442\u0440\u0435\u0442\u044c, \u0441\u0443\u0442\u0438 \u043d\u0435 \u0443\u043b\u043e\u0432\u0438\u0442\u0435. \u041c\u043d\u0435 \u043f\u043e\u043d\u0440\u0430\u0432\u0438\u043b\u0441\u044f", "title": 19, "author": 101, "score": 10, "pub_date": "2019-09-24T21:08:21.567Z"}}, {"model": "reviews.review", "pk": 48, "fields": {"text": "\u0418\u043d\u0442\u0435\u0440\u0435\u0441\u043d\u043e \u043f\u0440\u043e\u0434\u0443\u043c\u0430\u043d\u043d\u044b\u0439 \u0444\u0438\u043b\u044c\u043c, \u0446\u0435\u043f\u043b\u044f\u0435\u0442 \u043d\u0435\u043e\u0431\u044b\u0447\u043d\u044b\u043c \u0441\u044e\u0436\u0435\u0442\u043e\u043c. \u0434\u043b\u0438\u043d\u043d\u044b\u0439, \u0447\u0442\u043e \u0431\u044b\u0432\u0430\u0435\u0442 \u043d\u0435 \u0432\u043e \u0432\u0441\u0435\u0445 \u0444\u0438\u043b\u044c\u043c\u0430\u0445. \u0410\u043a\u0442\u0451\u0440\u044b \u043a\u0440\u0443\u0442\u044b\u0435. \u0412 \u043e\u0431\u0449\u0435\u043c, \u043f\u043e\u0441\u043c\u043e\u0442\u0440\u0435\u0442\u044c \u043c\u043e\u0436\u043d\u043e.", "title": 19, "author": 102, "score": 8, "pub_date": "2019-09-24T21:08:21.567Z"}}, {"model": "reviews.review", "pk": 49, "fields": {"text": "\u0412\u043d\u0438\u043c\u0430\u0442\u0435\u043b\u044c\u043d\u043e \u0441\u043b\u0435\u0436\u0443 \u0437\u0430 \u0432\u0441\u0435\u043c\u0438 \u043d\u043e\u0432\u044b\u043c\u0438 \u0438\u0437\u0434\u0430\u043d\u0438\u044f\u043c\u0438, \u043f\u043e\u043a\u0443\u043f\u0430\u044e \u043a\u0430\u0436\u0434\u043e\u0435. \u041b\u0443\u0447\u0448\u0438\u0439 \u0442\u0440\u0438\u043b\u043b\u0435\u0440 \u0442\u044b\u0441\u044f\u0447\u0435\u043b\u0435\u0442\u0438\u044f \u2014 \u044d\u0442\u043e \u00ab\u041a\u043e\u043b\u043e\u0431\u043e\u043a\u00bb", "title": 20, "author": 103, "score": 10, "pub_date": "2019-09-24T21:08:21.567Z"}}, {"model": "reviews.review", "pk": 50, "fields": {"text": "\u0410 \u0432\u043e\u0442 \u0443 \u043a\u0438\u043f\u0447\u0430\u043a\u043e\u0432 \u00ab\u043a\u043e\u043b\u043e\u0431\u043e\u043a\u00bb \u2014 \u0448\u0430\u0440\u0438\u043a \u0438\u0437 \u043d\u0430\u0432\u043e\u0437\u0430! \u0418 \u0441\u043a\u0430\u0437\u043a\u0430 \u043f\u0440\u0438\u043e\u0431\u0440\u0435\u0442\u0430\u0435\u0442 \u0441\u043e\u0432\u0441\u0435\u043c \u0434\u0440\u0443\u0433\u043e\u0439 \u0441\u043c\u044b\u0441\u043b! \u00ab\u041d\u0435 \u0445\u0438\u0442\u0440\u0438, \u0430 \u0442\u043e \u043d\u0430\u0432\u043e\u0437\u0430 \u043d\u0430\u043a\u0443\u0448\u0430\u0435\u0448\u044c\u0441\u044f!\u00bb", "title": 20, "author": 104, "score": 10, "pub_date": "2019-09-24T21:08:21.567Z"}}, {"model": "reviews.review", "pk": 51, "fields": {"text": "\u041f\u0440\u043e\u0447\u043b\u0430 \u043e\u0442 \u043d\u0430\u0447\u0430\u043b\u0430 \u0434\u043e \u043a\u043e\u043d\u0446\u0430, \u043d\u0435 \u043e\u0442\u0440\u044b\u0432\u0430\u044f\u0441\u044c. \u0423\u0436\u0430\u0441\u043d\u0430\u044f \u043a\u043d\u0438\u0433\u0430, \u0447\u0435\u043c\u0443 \u043e\u043d\u0430 \u043c\u043e\u0436\u0435\u0442 \u043d\u0430\u0443\u0447\u0438\u0442\u044c \u043d\u0430\u0448\u0443 \u043c\u043e\u043b\u043e\u0434\u0451\u0436\u044c.", "title": 21, "author": 100, "score": 1, "pub_date": "2019-09-24T21:08:21.567Z"}}, {"model": "reviews.review", "pk": 52, "fields": {"text": "\u0421\u0443\u0440\u043e\u0432\u044b\u0435 \u0430\u043c\u0435\u0440\u0438\u043a\u0430\u043d\u0441\u043a\u0438\u0435 \u0441\u0435\u043c\u0438\u0434\u0435\u0441\u044f\u0442\u044b\u0435 \u0432 \u0434\u043e\u043a\u0443\u043c\u0435\u043d\u0442\u0430\u043b\u044c\u043d\u043e\u043c \u0438\u0437\u043b\u043e\u0436\u0435\u043d\u0438\u0438. \u041a\u0430\u043a \u0430\u0432\u0442\u043e\u0440 \u0434\u043e\u0436\u0438\u043b \u0434\u043e 2005-\u0433\u043e \u0433\u043e\u0434\u0430 \u2014 \u0437\u0430\u0433\u0430\u0434\u043a\u0430. \u041d\u043e \u0440\u043e\u043c\u0430\u043d \u043f\u0440\u0435\u043a\u0440\u0430\u0441\u043d\u044b\u0439.", "title": 21, "author": 101, "score": 10, "pub_date": "2019-09-24T21:08:21.567Z"}}, {"model": "reviews.review", "pk": 53, "fields": {"text": "\u041c\u043d\u043e\u0433\u0430\u0431\u0443\u043a\u0443\u0444. \u041d\u0438\u0430\u0441\u0438\u043b\u0438\u043b. \u0412 \u0430\u043d\u043d\u043e\u0442\u0430\u0446\u0438\u0438 \u043d\u0430\u043f\u0438\u0441\u0430\u043d\u043e \u2014 \u00ab\u0432\u0435\u043b\u0438\u043a\u0438\u0439 \u0440\u043e\u043c\u0430\u043d\u00bb, \u0442\u0430\u043a \u0447\u0442\u043e \u0441\u0442\u0430\u0432\u043b\u044e \u043c\u0430\u043a\u0441\u0438\u043c\u0430\u043b\u044c\u043d\u0443\u044e \u043e\u0446\u0435\u043d\u043a\u0443", "title": 22, "author": 102, "score": 10, "pub_date": "2019-09-24T21:08:21.567Z"}}, {"model": "reviews.review", "pk": 54, "fields": {"text": "\u0415\u0441\u043b\u0438 \u0442\u0430\u043a\u043e\u0439 \u0436\u0430\u043d\u0440 \u0432\u0430\u043c \u043f\u043e \u0432\u043a\u0443\u0441\u0443, \u0442\u043e \u0434\u0430\u0436\u0435 \u043d\u0435 \u0441\u043e\u043c\u043d\u0435\u0432\u0430\u0439\u0442\u0435\u0441\u044c: \u0441\u0430\u0434\u0438\u0442\u0435\u0441\u044c \u0447\u0438\u0442\u0430\u0442\u044c! \u0420\u043e\u043c\u0430\u043d - \u043e\u0433\u043e\u043d\u044c! \u0418\u043d\u0442\u0435\u0440\u0435\u0441\u043d\u044b\u0439 \u0441\u044e\u0436\u0435\u0442, \u0432\u0435\u043b\u0438\u043a\u043e\u043b\u0435\u043f\u043d\u044b\u0435 \u043f\u0435\u0440\u0441\u043e\u043d\u0430\u0436\u0438, \u043d\u0435\u0431\u043e \u0410\u0443\u0441\u0442\u0435\u0440\u043b\u0438\u0446\u0430 \u0438 \u0432\u0441\u0442\u0440\u0435\u0447\u0430 \u0441 \u0434\u0443\u0431\u043e\u043c", "title": 22, "author": 103, "score": 10, "pub_date": "2019-09-24T21:08:21.567Z"}}, {"model": "reviews.review", "pk": 55, "fields": {"text": "\u042f \u0412\u0438\u041c \u0432 \u0448\u043a\u043e\u043b\u0435 \u0447\u0438\u0442\u0430\u043b (\u0437\u0430\u0441\u0442\u0430\u0432\u043b\u044f\u043b\u0438), \u0430 \u043f\u043e\u0442\u043e\u043c \u043e\u043f\u044f\u0442\u044c \u0441\u043b\u0443\u0447\u0430\u0439\u043d\u043e \u043f\u0440\u043e\u0447\u0451\u043b, \u0438 \u043e\u043a\u0430\u0437\u0430\u043b\u043e\u0441\u044c, \u0447\u0442\u043e \u043e\u043d \u0438 \u043f\u0440\u0430\u0432\u043b\u0430 \u0432\u0435\u043b\u0438\u043a\u0438\u0439, \u0430 \u043d\u0435 \u043f\u0440\u043e\u0441\u0442\u043e \u0442\u0430\u043a. \u041d\u0435 \u0441\u0442\u0430\u0432\u043b\u044e \u0434\u0435\u0441\u044f\u0442\u043a\u0443 \u0442\u043e\u043b\u044c\u043a\u043e \u0432 \u043f\u0430\u043c\u044f\u0442\u044c \u043e \u0448\u043a\u043e\u043b\u044c\u043d\u044b\u0445 \u043c\u0443\u0447\u0435\u043d\u0438\u044f\u0445", "title": 22, "author": 104, "score": 8, "pub_date": "2019-09-24T21:08:21.567Z"}}, {"model": "reviews.review", "pk": 56, "fields": {"text": "\u041d\u0438\u0447\u0435\u0433\u043e \u043d\u0435 \u043f\u043e\u043d\u044f\u043b", "title": 23, "author": 100, "score": 3, "pub_date": "2019-09-24T21:08:21.567Z"}}, {"model": "reviews.review", "pk": 57, "fields": {"text": "\u041d\u0435 \u043f\u043e\u043d\u044f\u043b \u0432\u043e\u043e\u0431\u0449\u0435 \u043d\u0438\u0447\u0435\u0433\u043e", "title": 23, "author": 101, "score": 1, "pub_date": "2019-09-24T21:08:21.567Z"}}, {"model": "reviews.review", "pk": 58, "fields": {"text": "\u0421\u043e\u0432\u0441\u0435\u043c \u043d\u0435\u043f\u043e\u043d\u044f\u0442\u043d\u043e, \u043d\u043e \u0437\u0434\u043e\u0440\u043e\u0432\u043e", "title": 23, "author": 102, "score": 8, "pub_date": "2019-09-24T21:08:21.567Z"}}, {"model": "reviews.review", "pk": 59, "fields": {"text": "\u0427\u0442\u043e \u044d\u0442\u043e \u0431\u044b\u043b\u043e?! \u0414\u0435\u0441\u044f\u0442\u043a\u0430 \u0437\u0430 \u0443\u0440\u043e\u0432\u0435\u043d\u044c \u043d\u0435\u043f\u043e\u043d\u044f\u0442\u043d\u043e\u0441\u0442\u0438", "title": 23, "author": 103, "score": 10, "pub_date": "2019-09-24T21:08:21.567Z"}}, {"model": "reviews.review", "pk": 60, "fields": {"text": "\u0414\u0435\u0442\u0430\u043b\u044c\u043d\u043e \u043a\u043e\u043c\u043c\u0435\u043d\u0442\u0438\u0440\u043e\u0432\u0430\u0442\u044c \u043d\u0435 \u0431\u0443\u0434\u0443, \u043d\u043e \u044d\u0442\u043e \u0448\u0435\u0434\u0435\u0432\u0440", "title": 23, "author": 104, "score": 10, "pub_date": "2019-09-24T21:08:21.567Z"}}, {"model": "reviews.review", "pk": 63, "fields": {"text": "\u041d\u0435 \u043c\u043e\u0436\u0435\u0442 \u0431\u044b\u0442\u044c \u0442\u0430\u043a\u043e\u0433\u043e. \u042d\u0442\u043e \u0432\u0441\u0451 \u043f\u0440\u0438\u0434\u0443\u043c\u0430\u043d\u043e, \u0430\u0432\u0442\u043e\u0440 \u043f\u043e\u043f\u044b\u0442\u0430\u043b\u0441\u044f \u043e\u0431\u043c\u0430\u043d\u0443\u0442\u044c \u0447\u0438\u0442\u0430\u0442\u0435\u043b\u044f, \u043d\u043e \u043c\u044b, \u0447\u0438\u0442\u0430\u0442\u0435\u043b\u0438, \u0443\u043c\u043d\u0435\u0435 \u0435\u0433\u043e. \u041d\u0430\u0441 \u0432\u043e\u043a\u0440\u0443\u0433 \u043f\u0430\u043b\u044c\u0446\u0430 \u043d\u0435 \u043e\u0431\u0432\u0435\u0434\u0451\u0448\u044c!!", "title": 24, "author": 102, "score": 2, "pub_date": "2019-09-24T21:08:21.567Z"}}, {"model": "reviews.review", "pk": 64, "fields": {"text": "\u0412\u0441\u0451 \u0441\u043e\u0432\u0435\u0440\u0448\u0435\u043d\u043d\u043e \u043d\u0435 \u0442\u0430\u043a, \u043a\u0430\u043a \u043d\u0430 \u0441\u0430\u043c\u043e\u043c \u0434\u0435\u043b\u0435, \u0438 \u0432 \u0434\u043e\u043a\u0443\u043c\u0435\u043d\u0442\u0430\u043b\u044c\u043d\u043e\u0439 \u043f\u043e\u0432\u0435\u0441\u0442\u0438 \u044d\u0442\u043e \u0445\u043e\u0440\u043e\u0448\u043e \u043e\u043f\u0438\u0441\u0430\u043d\u043e", "title": 24, "author": 103, "score": 9, "pub_date": "2019-09-24T21:08:21.567Z"}}, {"model": "reviews.review", "pk": 65, "fields": {"text": "\u0415\u0441\u043b\u0438 \u0431\u044b \u044f \u0442\u043e\u043b\u044c\u043a\u043e \u043c\u043e\u0433 \u043d\u0430 \u043c\u0438\u043d\u0443\u0442\u043a\u0443 \u043f\u0435\u0440\u0435\u0441\u0442\u0430\u0442\u044c \u0431\u0443\u043c\u043a\u0430\u0442\u044c \u0433\u043e\u043b\u043e\u0432\u043e\u0439 \u043f\u043e \u0441\u0442\u0443\u043f\u0435\u043d\u044c\u043a\u0430\u043c \u0438 \u043a\u0430\u043a \u0441\u043b\u0435\u0434\u0443\u0435\u0442 \u0441\u043e\u0441\u0440\u0435\u0434\u043e\u0442\u043e\u0447\u0438\u0442\u044c\u0441\u044f \u2014 \u044f \u0431\u044b \u043d\u0430\u043f\u0438\u0441\u0430\u043b \u043f\u0440\u0435\u043a\u0440\u0430\u0441\u043d\u044b\u0439 \u043e\u0442\u0437\u044b\u0432. \u041d\u043e \u0443\u0432\u044b \u2014 \u0441\u043e\u0441\u0440\u0435\u0434\u043e\u0442\u043e\u0447\u0438\u0442\u044c\u0441\u044f-\u0442\u043e \u043c\u043d\u0435 \u0438 \u043d\u0435\u043a\u043e\u0433\u0434\u0430: \u0443\u0447\u0451\u0431\u0430, \u0440\u0430\u0431\u043e\u0442\u0430. \u041f\u0440\u043e\u0441\u0442\u043e \u043f\u043e\u0441\u0442\u0430\u0432\u043b\u044e \u043f\u044f\u0442\u0451\u0440\u043a\u0443", "title": 25, "author": 104, "score": 10, "pub_date": "2019-09-24T21:08:21.567Z"}}, {"model": "reviews.review", "pk": 66, "fields": {"text": "\u042d\u0442\u043e \u043f\u0440\u043e\u0441\u0442\u043e \u00ab\u0412\u043e\u0439\u043d\u0430 \u0438 \u043c\u0438\u0440\u00bb \u0434\u043b\u044f \u0434\u0435\u0442\u0435\u0439. \u0427\u0438\u0442\u0430\u0442\u044c \u0432\u0441\u0435\u043c", "title": 25, "author": 100, "score": 10, "pub_date": "2019-09-24T21:08:21.567Z"}}, {"model": "reviews.review", "pk": 67, "fields": {"text": "\u0421\u043b\u0443\u0448\u0430\u044e \u0438 \u043f\u043b\u0430\u0447\u0443. \u041f\u043b\u0430\u0447\u0443, \u043d\u043e \u0441\u043b\u0443\u0448\u0430\u044e", "title": 26, "author": 101, "score": 10, "pub_date": "2019-09-24T21:08:21.567Z"}}, {"model": "reviews.review", "pk": 68, "fields": {"text": "\u041a\u0430\u043a\u043e\u0439-\u0442\u043e \u043d\u0435\u043f\u043e\u043d\u044f\u0442\u043d\u044b\u0439 \u0448\u0443\u043c. \u041d\u0435\u0443\u0436\u0435\u043b\u0438 \u044d\u0442\u043e \u043a\u0442\u043e-\u0442\u043e \u0441\u043b\u0443\u0448\u0430\u0435\u0442?", "title": 27, "author": 102, "score": 1, "pub_date": "2019-09-24T21:08:21.567Z"}}, {"model": "reviews.review", "pk": 69, "fields": {"text": "\u041d\u0438\u0447\u0435\u0433\u043e \u043d\u0435 \u043f\u043e\u043d\u044f\u0442\u043d\u043e. \u041e \u0447\u0451\u043c \u044d\u0442\u0430 \u043f\u0435\u0441\u043d\u044f, \u0447\u0435\u043c\u0443 \u043e\u043d\u0430 \u0443\u0447\u0438\u0442?", "title": 27, "author": 103, "score": 2, "pub_date": "2019-09-24T21:08:21.567Z"}}, {"model": "reviews.review", "pk": 70, "fields": {"text": "\u0419\u044d\u043d \u0410\u043d\u0434\u0435\u0440\u0441\u043e\u043d \u0432\u0435\u043b\u0438\u043a\u0438\u0439!!!!!!!!1111", "title": 28, "author": 104, "score": 10, "pub_date": "2019-09-24T21:08:21.567Z"}}, {"model": "reviews.review", "pk": 71, "fields": {"text": "\u041d\u0435\u0443\u0436\u0435\u043b\u0438 \u043f\u0435\u0441\u043d\u044e \u043f\u0440\u043e \u0430\u043a\u0432\u0430\u043b\u0430\u043d\u0433\u0438\u0441\u0442\u043e\u0432 \u043f\u0435\u0440\u0435\u0432\u0435\u043b\u0438 \u043d\u0430 \u0430\u043d\u0433\u043b\u0438\u0439\u0441\u043a\u0438\u0439?! \u041d\u0443 \u043d\u0430\u043a\u043e\u043d\u0435\u0446-\u0442\u043e! \u0410\u043a\u0432\u0430\u043b\u0430\u043d\u0433\u0438\u0441\u0442\u044b \u2014 \u044d\u0442\u043e \u0445\u043e\u0440\u043e\u0448\u043e!", "title": 28, "author": 100, "score": 10, "pub_date": "2019-09-24T21:08:21.567Z"}}, {"model": "reviews.review", "pk": 72, "fields": {"text": "\u041c\u044b \u043f\u0440\u044b\u0433\u0430\u043b\u0438, \u0432\u0435\u0440\u0442\u0435\u043b\u0438\u0441\u044c \u0438 \u043a\u0440\u0443\u0436\u0438\u043b\u0438\u0441\u044c \u0442\u0430\u043a, \u0447\u0442\u043e \u043f\u043e\u043b \u0445\u043e\u0434\u0438\u043b \u0445\u043e\u0434\u0443\u043d\u043e\u043c!", "title": 29, "author": 101, "score": 10, "pub_date": "2019-09-24T21:08:21.567Z"}}, {"model": "reviews.review", "pk": 73, "fields": {"text": "\u042d\u0442\u043e \u0435\u0434\u0438\u043d\u0441\u0442\u0432\u0435\u043d\u043d\u044b\u0439 \u0440\u0438\u0444, \u043a\u043e\u0442\u043e\u0440\u044b\u0439 \u044f \u0443\u043c\u0435\u044e \u0438\u0433\u0440\u0430\u0442\u044c \u043d\u0430 \u0441\u0432\u043e\u0435\u0439 \u0441\u0443\u043f\u0435\u0440\u0434\u043e\u0440\u043e\u0433\u043e\u0439 \u0433\u0438\u0442\u0430\u0440\u0435! \u041c\u043e\u044f \u043b\u044e\u0431\u0438\u043c\u0430\u044f \u043f\u0435\u0441\u043d\u044f", "title": 30, "author": 104, "score": 10, "pub_date": "2019-09-24T21:08:21.567Z"}}, {"model": "reviews.review", "pk": 74, "fields": {"text": "\u0421\u0442\u0440\u0430\u043d\u043d\u043e: \u041c\u043e\u0446\u0430\u0440\u0442 - \u0430\u0432\u0441\u0442\u0440\u0438\u0435\u0446, \u0430 \u043c\u0430\u0440\u0448 - \u0442\u0443\u0440\u0435\u0446\u043a\u0438\u0439. \u041d\u0435 \u043f\u043e\u043d\u0438\u043c\u0430\u044e, \u043a\u0430\u043a \u0442\u0430\u043a \u0432\u044b\u0448\u043b\u043e. \u0417\u0432\u0443\u0447\u0438\u0442 \u043a\u0440\u0430\u0441\u0438\u0432\u043e, \u043d\u043e \u0437\u0430 \u0433\u0435\u043e\u0433\u0440\u0430\u0444\u0438\u0447\u0435\u0441\u043a\u0443\u044e \u043f\u0443\u0442\u0430\u043d\u0438\u0446\u0443 \u0441\u0442\u0430\u0432\u043b\u044e \u0432\u043e\u0441\u0435\u043c\u044c", "title": 31, "author": 100, "score": 8, "pub_date": "2019-09-24T21:08:21.567Z"}}, {"model": "reviews.review", "pk": 75, "fields": {"text": "\u0411\u0430\u0445 forever. \u042d\u0442\u043e \u0432\u0430\u043c \u043d\u0435 \u0442\u0440\u0438 \u0430\u043a\u043a\u043e\u0440\u0434\u0430 \u043d\u0430 \u0433\u0438\u0442\u0430\u0440\u0435, \u043a\u0430\u043a \u0443 \u0441\u043c\u043e\u043a \u043e\u043d \u0437\u0435 \u0432\u043e\u0442\u0435\u0440", "title": 32, "author": 102, "score": 10, "pub_date": "2019-09-24T21:08:21.567Z"}}, {"model": "admin.logentry", "pk": 1, "fields": {"action_time": "2021-10-26T01:33:02.853Z", "user": 1, "content_type": 24, "object_id": "12", "object_repr": "Rock-n-roll", "action_flag": 3, "change_message": ""}}, {"model": "admin.logentry", "pk": 2, "fields": {"action_time": "2021-10-26T01:33:02.856Z", "user": 1, "content_type": 24, "object_id": "11", "object_repr": "\u0411\u0430\u043b\u043b\u0430\u0434\u0430", "action_flag": 3, "change_message": ""}}, {"model": "admin.logentry", "pk": 3, "fields": {"action_time": "2021-10-26T01:33:02.857Z", "user": 1, "content_type": 24, "object_id": "3", "object_repr": "\u0412\u0435\u0441\u0442\u0435\u0440\u043d", "action_flag": 3, "change_message": ""}}, {"model": "admin.logentry", "pk": 4, "fields": {"action_time": "2021-10-26T01:33:02.859Z", "user": 1, "content_type": 24, "object_id": "9", "object_repr": "\u0413\u043e\u043d\u0437\u043e", "action_flag": 3, "change_message": ""}}, {"model": "admin.logentry", "pk": 5, "fields": {"action_time": "2021-10-26T01:33:02.861Z", "user": 1, "content_type": 24, "object_id": "6", "object_repr": "\u0414\u0435\u0442\u0435\u043a\u0442\u0438\u0432", "action_flag": 3, "change_message": ""}}, {"model": "admin.logentry", "pk": 6, "fields": {"action_time": "2021-10-26T01:33:02.862Z", "user": 1, "content_type": 24, "object_id": "1", "object_repr": "\u0414\u0440\u0430\u043c\u0430", "action_flag": 3, "change_message": ""}}, {"model": "admin.logentry", "pk": 7, "fields": {"action_time": "2021-10-26T01:33:02.864Z", "user": 1, "content_type": 24, "object_id": "13", "object_repr": "\u041a\u043b\u0430\u0441\u0441\u0438\u043a\u0430", "action_flag": 3, "change_message": ""}}, {"model": "admin.logentry", "pk": 8, "fields": {"action_time": "2021-10-26T01:33:02.866Z", "user": 1, "content_type": 24, "object_id": "2", "object_repr": "\u041a\u043e\u043c\u0435\u0434\u0438\u044f", "action_flag": 3, "change_message": ""}}, {"model": "admin.logentry", "pk": 9, "fields": {"action_time": "2021-10-26T01:33:02.867Z", "user": 1, "content_type": 24, "object_id": "14", "object_repr": "\u0420\u043e\u043a", "action_flag": 3, "change_message": ""}}, {"model": "admin.logentry", "pk": 10, "fields": {"action_time": "2021-10-26T01:33:02.869Z", "user": 1, "content_type": 24, "object_id": "10", "object_repr": "\u0420\u043e\u043c\u0430\u043d", "action_flag": 3, "change_message": ""}}, {"model": "admin.logentry", "pk": 11, "fields": {"action_time": "2021-10-26T01:33:02.870Z", "user": 1, "content_type": 24, "object_id": "8", "object_repr": "\u0421\u043a\u0430\u0437\u043a\u0430", "action_flag": 3, "change_message": ""}}, {"model": "admin.logentry", "pk": 12, "fields": {"action_time": "2021-10-26T01:33:02.872Z", "user": 1, "content_type": 24, "object_id": "7", "object_repr": "\u0422\u0440\u0438\u043b\u043b\u0435\u0440", "action_flag": 3, "change_message": ""}}, {"model": "admin.logentry", "pk": 13, "fields": {"action_time": "2021-10-26T01:33:02.873Z", "user": 1, "content_type": 24, "object_id": "5", "object_repr": "\u0424\u0430\u043d\u0442\u0430\u0441\u0442\u0438\u043a\u0430", "action_flag": 3, "change_message": ""}}, {"model": "admin.logentry", "pk": 14, "fields": {"action_time": "2021-10-26T01:33:02.875Z", "user": 1, "content_type": 24, "object_id": "4", "object_repr": "\u0424\u044d\u043d\u0442\u0435\u0437\u0438", "action_flag": 3, "change_message": ""}}, {"model": "admin.logentry", "pk": 15, "fields": {"action_time": "2021-10-26T01:33:02.876Z", "user": 1, "content_type": 24, "object_id": "15", "object_repr": "\u0428\u0430\u043d\u0441\u043e\u043d", "action_flag": 3, "change_message": ""}}, {"model": "admin.logentry", "pk": 16, "fields": {"action_time": "2021-10-26T01:33:12.427Z", "user": 1, "content_type": 23, "object_id": "2", "object_repr": "\u041a\u043d\u0438\u0433\u0430", "action_flag": 3, "change_message": ""}}, {"model": "admin.logentry", "pk": 17, "fields": {"action_time": "2021-10-26T01:33:12.430Z", "user": 1, "content_type": 23, "object_id": "3", "object_repr": "\u041c\u0443\u0437\u044b\u043a\u0430", "action_flag": 3, "change_message": ""}}, {"model": "admin.logentry", "pk": 18, "fields": {"action_time": "2021-10-26T01:33:12.431Z", "user": 1, "content_type": 23, "object_id": "1", "object_repr": "\u0424\u0438\u043b\u044c\u043c", "action_flag": 3, "change_message": ""}}, {"model": "admin.logentry", "pk": 19, "fields": {"action_time": "2021-10-26T01:33:28.238Z", "user": 1, "content_type": 22, "object_id": "104", "object_repr": "angry is a moderator", "action_flag": 3, "change_message": ""}}, {"model": "admin.logentry", "pk": 20, "fields": {"action_time": "2021-10-26T01:33:28.240Z", "user": 1, "content_type": 22, "object_id": "100", "object_repr": "bingobongo is a user", "action_flag": 3, "change_message": ""}}, {"model": "admin.logentry", "pk": 21, "fields": {"action_time": "2021-10-26T01:33:28.242Z", "user": 1, "content_type": 22, "object_id": "101", "object_repr": "capt_obvious is a admin", "action_flag": 3, "change_message": ""}}, {"model": "admin.logentry", "pk": 22, "fields": {"action_time": "2021-10-26T01:33:28.243Z", "user": 1, "content_type": 22, "object_id": "102", "object_repr": "faust is a user", "action_flag": 3, "change_message": ""}}, {"model": "admin.logentry", "pk": 23, "fields": {"action_time": "2021-10-26T01:33:28.245Z", "user": 1, "content_type": 22, "object_id": "103", "object_repr": "reviewer is a user", "action_flag": 3, "change_message": ""}}, {"model": "admin.logentry", "pk": 24, "fields": {"action_time": "2021-10-26T01:35:53.647Z", "user": 1, "content_type": 24, "object_id": "12", "object_repr": "Rock-n-roll", "action_flag": 3, "change_message": ""}}, {"model": "admin.logentry", "pk": 25, "fields": {"action_time": "2021-10-26T01:35:53.650Z", "user": 1, "content_type": 24, "object_id": "11", "object_repr": "\u0411\u0430\u043b\u043b\u0430\u0434\u0430", "action_flag": 3, "change_message": ""}}, {"model": "admin.logentry", "pk": 26, "fields": {"action_time": "2021-10-26T01:35:53.651Z", "user": 1, "content_type": 24, "object_id": "3", "object_repr": "\u0412\u0435\u0441\u0442\u0435\u0440\u043d", "action_flag": 3, "change_message": ""}}, {"model": "admin.logentry", "pk": 27, "fields": {"action_time": "2021-10-26T01:35:53.653Z", "user": 1, "content_type": 24, "object_id": "9", "object_repr": "\u0413\u043e\u043d\u0437\u043e", "action_flag": 3, "change_message": ""}}, {"model": "admin.logentry", "pk": 28, "fields": {"action_time": "2021-10-26T01:35:53.654Z", "user": 1, "content_type": 24, "object_id": "6", "object_repr": "\u0414\u0435\u0442\u0435\u043a\u0442\u0438\u0432", "action_flag": 3, "change_message": ""}}, {"model": "admin.logentry", "pk": 29, "fields": {"action_time": "2021-10-26T01:35:53.656Z", "user": 1, "content_type": 24, "object_id": "1", "object_repr": "\u0414\u0440\u0430\u043c\u0430", "action_flag": 3, "change_message": ""}}, {"model": "admin.logentry", "pk": 30, "fields": {"action_time": "2021-10-26T01:35:53.657Z", "user": 1, "content_type": 24, "object_id": "13", "object_repr": "\u041a\u043b\u0430\u0441\u0441\u0438\u043a\u0430", "action_flag": 3, "change_message": ""}}, {"model": "admin.logentry", "pk": 31, "fields": {"action_time": "2021-10-26T01:35:53.658Z", "user": 1, "content_type": 24, "object_id": "2", "object_repr": "\u041a\u043e\u043c\u0435\u0434\u0438\u044f", "action_flag": 3, "change_message": ""}}, {"model": "admin.logentry", "pk": 32, "fields": {"action_time": "2021-10-26T01:35:53.659Z", "user": 1, "content_type": 24, "object_id": "14", "object_repr": "\u0420\u043e\u043a", "action_flag": 3, "change_message": ""}}, {"model": "admin.logentry", "pk": 33, "fields": {"action_time": "2021-10-26T01:35:53.661Z", "user": 1, "content_type": 24, "object_id": "10", "object_repr": "\u0420\u043e\u043c\u0430\u043d", "action_flag": 3, "change_message": ""}}, {"model": "admin.logentry", "pk": 34, "fields": {"action_time": "2021-10-26T01:35:53.662Z", "user": 1, "content_type": 24, "object_id": "8", "object_repr": "\u0421\u043a\u0430\u0437\u043a\u0430", "action_flag": 3, "change_message": ""}}, {"model": "admin.logentry", "pk": 35, "fields": {"action_time": "2021-10-26T01:35:53.663Z", "user": 1, "content_type": 24, "object_id": "7", "object_repr": "\u0422\u0440\u0438\u043b\u043b\u0435\u0440", "action_flag": 3, "change_message": ""}}, {"model": "admin.logentry", "pk": 36, "fields": {"action_time": "2021-10-26T01:35:53.664Z", "user": 1, "content_type": 24, "object_id": "5", "object_repr": "\u0424\u0430\u043d\u0442\u0430\u0441\u0442\u0438\u043a\u0430", "action_flag": 3, "change_message": ""}}, {"model": "admin.logentry", "pk": 37, "fields": {"action_time": "2021-10-26T01:35:53.665Z", "user": 1, "content_type": 24, "object_id": "4", "object_repr": "\u0424\u044d\u043d\u0442\u0435\u0437\u0438", "action_flag": 3, "change_message": ""}}, {"model": "admin.logentry", "pk": 38, "fields": {"action_time": "2021-10-26T01:35:53.667Z", "user": 1, "content_type": 24, "object_id": "15", "object_repr": "\u0428\u0430\u043d\u0441\u043e\u043d", "action_flag": 3, "change_message": ""}}, {"model": "admin.logentry", "pk": 39, "fields": {"action_time": "2021-10-26T01:36:02.291Z", "user": 1, "content_type": 23, "object_id": "2", "object_repr": "\u041a\u043d\u0438\u0433\u0430", "action_flag": 3, "change_message": ""}}, {"model": "admin.logentry", "pk": 40, "fields": {"action_time": "2021-10-26T01:36:02.293Z", "user": 1, "content_type": 23, "object_id": "3", "object_repr": "\u041c\u0443\u0437\u044b\u043a\u0430", "action_flag": 3, "change_message": ""}}, {"model": "admin.logentry", "pk": 41, "fields": {"action_time": "2021-10-26T01:36:02.295Z", "user": 1, "content_type": 23, "object_id": "1", "object_repr": "\u0424\u0438\u043b\u044c\u043c", "action_flag": 3, "change_message": ""}}, {"model": "admin.logentry", "pk": 42, "fields": {"action_time": "2021-10-26T01:46:57.880Z", "user": 1, "content_type": 23, "object_id": "2", "object_repr": "\u041a\u043d\u0438\u0433\u0430", "action_flag": 3, "change_message": ""}}, {"model": "admin.logentry", "pk": 43, "fields": {"action_time": "2021-10-26T01:46:57.883Z", "user": 1, "content_type": 23, "object_id": "3", "object_repr": "\u041c\u0443\u0437\u044b\u043a\u0430", "action_flag": 3, "change_message": ""}}, {"model": "admin.logentry", "pk": 44, "fields": {"action_time": "2021-10-26T01:46:57.885Z", "user": 1, "content_type": 23, "object_id": "1", "object_repr": "\u0424\u0438\u043b\u044c\u043c", "action_flag": 3, "change_message": ""}}, {"model": "admin.logentry", "pk": 45, "fields": {"action_time": "2021-10-26T01:47:04.887Z", "user": 1, "content_type": 24, "object_id": "12", "object_repr": "Rock-n-roll", "action_flag": 3, "change_message": ""}}, {"model": "admin.logentry", "pk": 46, "fields": {"action_time": "2021-10-26T01:47:04.890Z", "user": 1, "content_type": 24, "object_id": "11", "object_repr": "\u0411\u0430\u043b\u043b\u0430\u0434\u0430", "action_flag": 3, "change_message": ""}}, {"model": "admin.logentry", "pk": 47, "fields": {"action_time": "2021-10-26T01:47:04.892Z", "user": 1, "content_type": 24, "object_id": "3", "object_repr": "\u0412\u0435\u0441\u0442\u0435\u0440\u043d", "action_flag": 3, "change_message": ""}}, {"model": "admin.logentry", "pk": 48, "fields": {"action_time": "2021-10-26T01:47:04.894Z", "user": 1, "content_type": 24, "object_id": "9", "object_repr": "\u0413\u043e\u043d\u0437\u043e", "action_flag": 3, "change_message": ""}}, {"model": "admin.logentry", "pk": 49, "fields": {"action_time": "2021-10-26T01:47:04.895Z", "user": 1, "content_type": 24, "object_id": "6", "object_repr": "\u0414\u0435\u0442\u0435\u043a\u0442\u0438\u0432", "action_flag": 3, "change_message": ""}}, {"model": "admin.logentry", "pk": 50, "fields": {"action_time": "2021-10-26T01:47:04.897Z", "user": 1, "content_type": 24, "object_id": "1", "object_repr": "\u0414\u0440\u0430\u043c\u0430", "action_flag": 3, "change_message": ""}}, {"model": "admin.logentry", "pk": 51, "fields": {"action_time": "2021-10-26T01:47:04.899Z", "user": 1, "content_type": 24, "object_id": "13", "object_repr": "\u041a\u043b\u0430\u0441\u0441\u0438\u043a\u0430", "action_flag": 3, "change_message": ""}}, {"model": "admin.logentry", "pk": 52, "fields": {"action_time": "2021-10-26T01:47:04.900Z", "user": 1, "content_type": 24, "object_id": "2", "object_repr": "\u041a\u043e\u043c\u0435\u0434\u0438\u044f", "action_flag": 3, "change_message": ""}}, {"model": "admin.logentry", "pk": 53, "fields": {"action_time": "2021-10-26T01:47:04.902Z", "user": 1, "content_type": 24, "object_id": "14", "object_repr": "\u0420\u043e\u043a", "action_flag": 3, "change_message": ""}}, {"model": "admin.logentry", "pk": 54, "fields": {"action_time": "2021-10-26T01:47:04.904Z", "user": 1, "content_type": 24, "object_id": "10", "object_repr": "\u0420\u043e\u043c\u0430\u043d", "action_flag": 3, "change_message": ""}}, {"model": "admin.logentry", "pk": 55, "fields": {"action_time": "2021-10-26T01:47:04.905Z", "user": 1, "content_type": 24, "object_id": "8", "object_repr": "\u0421\u043a\u0430\u0437\u043a\u0430", "action_flag": 3, "change_message": ""}}, {"model": "admin.logentry", "pk": 56, "fields": {"action_time": "2021-10-26T01:47:04.907Z", "user": 1, "content_type": 24, "object_id": "7", "object_repr": "\u0422\u0440\u0438\u043b\u043b\u0435\u0440", "action_flag": 3, "change_message": ""}}, {"model": "admin.logentry", "pk": 57, "fields": {"action_time": "2021-10-26T01:47:04.909Z", "user": 1, "content_type": 24, "object_id": "5", "object_repr": "\u0424\u0430\u043d\u0442\u0430\u0441\u0442\u0438\u043a\u0430", "action_flag": 3, "change_message": ""}}, {"model": "admin.logentry", "pk": 58, "fields": {"action_time": "2021-10-26T01:47:04.911Z", "user": 1, "content_type": 24, "object_id": "4", "object_repr": "\u0424\u044d\u043d\u0442\u0435\u0437\u0438", "action_flag": 3, "change_message": ""}}, {"model": "admin.logentry", "pk": 59, "fields": {"action_time": "2021-10-26T01:47:04.913Z", "user": 1, "content_type": 24, "object_id": "15", "object_repr": "\u0428\u0430\u043d\u0441\u043e\u043d", "action_flag": 3, "change_message": ""}}, {"model": "admin.logentry", "pk": 60, "fields": {"action_time": "2021-10-26T01:47:18.698Z", "user": 1, "content_type": 22, "object_id": "104", "object_repr": "angry is a moderator", "action_flag": 3, "change_message": ""}}, {"model": "admin.logentry", "pk": 61, "fields": {"action_time": "2021-10-26T01:47:18.701Z", "user": 1, "content_type": 22, "object_id": "100", "object_repr": "bingobongo is a user", "action_flag": 3, "change_message": ""}}, {"model": "admin.logentry", "pk": 62, "fields": {"action_time": "2021-10-26T01:47:18.703Z", "user": 1, "content_type": 22, "object_id": "101", "object_repr": "capt_obvious is a admin", "action_flag": 3, "change_message": ""}}, {"model": "admin.logentry", "pk": 63, "fields": {"action_time": "2021-10-26T01:47:18.705Z", "user": 1, "content_type": 22, "object_id": "102", "object_repr": "faust is a user", "action_flag": 3, "change_message": ""}}, {"model": "admin.logentry", "pk": 64, "fields": {"action_time": "2021-10-26T01:47:18.706Z", "user": 1, "content_type": 22, "object_id": "103", "object_repr": "reviewer is a user", "action_flag": 3, "change_message": ""}}, {"model": "admin.logentry", "pk": 65, "fields": {"action_time": "2021-10-26T01:48:55.612Z", "user": 1, "content_type": 24, "object_id": "12", "object_repr": "Rock-n-roll", "action_flag": 3, "change_message": ""}}, {"model": "admin.logentry", "pk": 66, "fields": {"action_time": "2021-10-26T01:48:55.620Z", "user": 1, "content_type": 24, "object_id": "11", "object_repr": "\u0411\u0430\u043b\u043b\u0430\u0434\u0430", "action_flag": 3, "change_message": ""}}, {"model": "admin.logentry", "pk": 67, "fields": {"action_time": "2021-10-26T01:48:55.621Z", "user": 1, "content_type": 24, "object_id": "3", "object_repr": "\u0412\u0435\u0441\u0442\u0435\u0440\u043d", "action_flag": 3, "change_message": ""}}, {"model": "admin.logentry", "pk": 68, "fields": {"action_time": "2021-10-26T01:48:55.623Z", "user": 1, "content_type": 24, "object_id": "9", "object_repr": "\u0413\u043e\u043d\u0437\u043e", "action_flag": 3, "change_message": ""}}, {"model": "admin.logentry", "pk": 69, "fields": {"action_time": "2021-10-26T01:48:55.624Z", "user": 1, "content_type": 24, "object_id": "6", "object_repr": "\u0414\u0435\u0442\u0435\u043a\u0442\u0438\u0432", "action_flag": 3, "change_message": ""}}, {"model": "admin.logentry", "pk": 70, "fields": {"action_time": "2021-10-26T01:48:55.625Z", "user": 1, "content_type": 24, "object_id": "1", "object_repr": "\u0414\u0440\u0430\u043c\u0430", "action_flag": 3, "change_message": ""}}, {"model": "admin.logentry", "pk": 71, "fields": {"action_time": "2021-10-26T01:48:55.627Z", "user": 1, "content_type": 24, "object_id": "13", "object_repr": "\u041a\u043b\u0430\u0441\u0441\u0438\u043a\u0430", "action_flag": 3, "change_message": ""}}, {"model": "admin.logentry", "pk": 72, "fields": {"action_time": "2021-10-26T01:48:55.628Z", "user": 1, "content_type": 24, "object_id": "2", "object_repr": "\u041a\u043e\u043c\u0435\u0434\u0438\u044f", "action_flag": 3, "change_message": ""}}, {"model": "admin.logentry", "pk": 73, "fields": {"action_time": "2021-10-26T01:48:55.630Z", "user": 1, "content_type": 24, "object_id": "14", "object_repr": "\u0420\u043e\u043a", "action_flag": 3, "change_message": ""}}, {"model": "admin.logentry", "pk": 74, "fields": {"action_time": "2021-10-26T01:48:55.631Z", "user": 1, "content_type": 24, "object_id": "10", "object_repr": "\u0420\u043e\u043c\u0430\u043d", "action_flag": 3, "change_message": ""}}, {"model": "admin.logentry", "pk": 75, "fields": {"action_time": "2021-10-26T01:48:55.633Z", "user": 1, "content_type": 24, "object_id": "8", "object_repr": "\u0421\u043a\u0430\u0437\u043a\u0430", "action_flag": 3, "change_message": ""}}, {"model": "admin.logentry", "pk": 76, "fields": {"action_time": "2021-10-26T01:48:55.634Z", "user": 1, "content_type": 24, "object_id": "7", "object_repr": "\u0422\u0440\u0438\u043b\u043b\u0435\u0440", "action_flag": 3, "change_message": ""}}, {"model": "admin.logentry", "pk": 77, "fields": {"action_time": "2021-10-26T01:48:55.636Z", "user": 1, "content_type": 24, "object_id": "5", "object_repr": "\u0424\u0430\u043d\u0442\u0430\u0441\u0442\u0438\u043a\u0430", "action_flag": 3, "change_message": ""}}, {"model": "admin.logentry", "pk": 78, "fields": {"action_time": "2021-10-26T01:48:55.637Z", "user": 1, "content_type": 24, "object_id": "4", "object_repr": "\u0424\u044d\u043d\u0442\u0435\u0437\u0438", "action_flag": 3, "change_message": ""}}, {"model": "admin.logentry", "pk": 79, "fields": {"action_time": "2021-10-26T01:48:55.639Z", "user": 1, "content_type": 24, "object_id": "15", "object_repr": "\u0428\u0430\u043d\u0441\u043e\u043d", "action_flag": 3, "change_message": ""}}, {"model": "admin.logentry", "pk": 80, "fields": {"action_time": "2021-10-26T01:49:04.111Z", "user": 1, "content_type": 23, "object_id": "2", "object_repr": "\u041a\u043d\u0438\u0433\u0430", "action_flag": 3, "change_message": ""}}, {"model": "admin.logentry", "pk": 81, "fields": {"action_time": "2021-10-26T01:49:04.113Z", "user": 1, "content_type": 23, "object_id": "3", "object_repr": "\u041c\u0443\u0437\u044b\u043a\u0430", "action_flag": 3, "change_message": ""}}, {"model": "admin.logentry", "pk": 82, "fields": {"action_time": "2021-10-26T01:49:04.115Z", "user": 1, "content_type": 23, "object_id": "1", "object_repr": "\u0424\u0438\u043b\u044c\u043c", "action_flag": 3, "change_message": ""}}, {"model": "admin.logentry", "pk": 83, "fields": {"action_time": "2021-10-26T01:49:16.008Z", "user": 1, "content_type": 22, "object_id": "104", "object_repr": "angry is a moderator", "action_flag": 3, "change_message": ""}}, {"model": "admin.logentry", "pk": 84, "fields": {"action_time": "2021-10-26T01:49:16.010Z", "user": 1, "content_type": 22, "object_id": "100", "object_repr": "bingobongo is a user", "action_flag": 3, "change_message": ""}}, {"model": "admin.logentry", "pk": 85, "fields": {"action_time": "2021-10-26T01:49:16.012Z", "user": 1, "content_type": 22, "object_id": "101", "object_repr": "capt_obvious is a admin", "action_flag": 3, "change_message": ""}}, {"model": "admin.logentry", "pk": 86, "fields": {"action_time": "2021-10-26T01:49:16.013Z", "user": 1, "content_type": 22, "object_id": "102", "object_repr": "faust is a user", "action_flag": 3, "change_message": ""}}, {"model": "admin.logentry", "pk": 87, "fields": {"action_time": "2021-10-26T01:49:16.015Z", "user": 1, "content_type": 22, "object_id": "103", "object_repr": "reviewer is a user", "action_flag": 3, "change_message": ""}}, {"model": "admin.logentry", "pk": 88, "fields": {"action_time": "2021-10-26T01:49:28.472Z", "user": 1, "content_type": 26, "object_id": "32", "object_repr": "\u043d\u0430\u0437\u0432\u0430\u043d\u0438\u0435: \u0411\u0430\u0445. \u041e\u0440\u043a\u0435\u0441\u0442\u0440\u043e\u0432\u0430\u044f \u0421\u044e\u0438\u0442\u0430 \u21162 \u0441\u0438 \u043c\u0438\u043d\u043e\u0440, \u0433\u043e\u0434: 1739, \u0436\u0430\u043d\u0440: reviews.Genre.None, \u043a\u0430\u0442\u0435\u0433\u043e\u0440\u0438\u044f:None.\u043e\u043f\u0438\u0441\u0430\u043d\u0438\u0435 \u043e\u043f\u0438\u0441\u0430\u043d\u0438\u0435 \u043d\u0435 \u043f\u0440\u0435\u0434\u043e\u0441\u0442\u0430", "action_flag": 3, "change_message": ""}}, {"model": "admin.logentry", "pk": 89, "fields": {"action_time": "2021-10-26T01:49:28.475Z", "user": 1, "content_type": 26, "object_id": "31", "object_repr": "\u043d\u0430\u0437\u0432\u0430\u043d\u0438\u0435: \u041c\u043e\u0446\u0430\u0440\u0442 - \u0422\u0443\u0440\u0435\u0446\u043a\u0438\u0439 \u043c\u0430\u0440\u0448, \u0433\u043e\u0434: 1784, \u0436\u0430\u043d\u0440: reviews.Genre.None, \u043a\u0430\u0442\u0435\u0433\u043e\u0440\u0438\u044f:None.\u043e\u043f\u0438\u0441\u0430\u043d\u0438\u0435 \u043e\u043f\u0438\u0441\u0430\u043d\u0438\u0435 \u043d\u0435 \u043f\u0440\u0435\u0434\u043e\u0441\u0442\u0430", "action_flag": 3, "change_message": ""}}, {"model": "admin.logentry", "pk": 90, "fields": {"action_time": "2021-10-26T01:49:28.476Z", "user": 1, "content_type": 26, "object_id": "30", "object_repr": "\u043d\u0430\u0437\u0432\u0430\u043d\u0438\u0435: Deep Purple \u2014 Smoke on the Water, \u0433\u043e\u0434: 1971, \u0436\u0430\u043d\u0440: reviews.Genre.None, \u043a\u0430\u0442\u0435\u0433\u043e\u0440\u0438\u044f:None.\u043e\u043f\u0438\u0441\u0430\u043d\u0438\u0435 \u043e\u043f\u0438\u0441\u0430\u043d\u0438\u0435 \u043d\u0435 \u043f\u0440\u0435\u0434\u043e\u0441\u0442\u0430", "action_flag": 3, "change_message": ""}}, {"model": "admin.logentry", "pk": 91, "fields": {"action_time": "2021-10-26T01:49:28.478Z", "user": 1, "content_type": 26, "object_id": "29", "object_repr": "\u043d\u0430\u0437\u0432\u0430\u043d\u0438\u0435: Elvis Presley - Blue Suede Shoes, \u0433\u043e\u0434: 1955, \u0436\u0430\u043d\u0440: reviews.Genre.None, \u043a\u0430\u0442\u0435\u0433\u043e\u0440\u0438\u044f:None.\u043e\u043f\u0438\u0441\u0430\u043d\u0438\u0435 \u043e\u043f\u0438\u0441\u0430\u043d\u0438\u0435 \u043d\u0435 \u043f\u0440\u0435\u0434\u043e\u0441\u0442\u0430", "action_flag": 3, "change_message": ""}}, {"model": "admin.logentry", "pk": 92, "fields": {"action_time": "2021-10-26T01:49:28.480Z", "user": 1, "content_type": 26, "object_id": "28", "object_repr": "\u043d\u0430\u0437\u0432\u0430\u043d\u0438\u0435: Jethro Tull - Aqualung, \u0433\u043e\u0434: 1971, \u0436\u0430\u043d\u0440: reviews.Genre.None, \u043a\u0430\u0442\u0435\u0433\u043e\u0440\u0438\u044f:None.\u043e\u043f\u0438\u0441\u0430\u043d\u0438\u0435 \u043e\u043f\u0438\u0441\u0430\u043d\u0438\u0435 \u043d\u0435 \u043f\u0440\u0435\u0434\u043e\u0441\u0442\u0430", "action_flag": 3, "change_message": ""}}, {"model": "admin.logentry", "pk": 93, "fields": {"action_time": "2021-10-26T01:49:28.482Z", "user": 1, "content_type": 26, "object_id": "27", "object_repr": "\u043d\u0430\u0437\u0432\u0430\u043d\u0438\u0435: Led Zeppelin \u2014 Stairway to Heaven, \u0433\u043e\u0434: 1971, \u0436\u0430\u043d\u0440: reviews.Genre.None, \u043a\u0430\u0442\u0435\u0433\u043e\u0440\u0438\u044f:None.\u043e\u043f\u0438\u0441\u0430\u043d\u0438\u0435 \u043e\u043f\u0438\u0441\u0430\u043d\u0438\u0435 \u043d\u0435 \u043f\u0440\u0435\u0434\u043e\u0441\u0442\u0430", "action_flag": 3, "change_message": ""}}, {"model": "admin.logentry", "pk": 94, "fields": {"action_time": "2021-10-26T01:49:28.483Z", "user": 1, "content_type": 26, "object_id": "26", "object_repr": "\u043d\u0430\u0437\u0432\u0430\u043d\u0438\u0435: \u0421\u0442\u0430\u0441 \u041c\u0438\u0445\u0430\u0439\u043b\u043e\u0432 - \u041f\u043e\u0437\u044b\u0432\u043d\u044b\u0435 \u043d\u0430 \u043b\u044e\u0431\u043e\u0432\u044c, \u0433\u043e\u0434: 2004, \u0436\u0430\u043d\u0440: reviews.Genre.None, \u043a\u0430\u0442\u0435\u0433\u043e\u0440\u0438\u044f:None.\u043e\u043f\u0438\u0441\u0430\u043d\u0438\u0435 \u043e\u043f\u0438\u0441\u0430\u043d\u0438\u0435 \u043d\u0435 \u043f\u0440\u0435\u0434\u043e\u0441\u0442\u0430", "action_flag": 3, "change_message": ""}}, {"model": "admin.logentry", "pk": 95, "fields": {"action_time": "2021-10-26T01:49:28.485Z", "user": 1, "content_type": 26, "object_id": "25", "object_repr": "\u043d\u0430\u0437\u0432\u0430\u043d\u0438\u0435: \u0412\u0438\u043d\u043d\u0438 \u041f\u0443\u0445 \u0438 \u0432\u0441\u0435-\u0432\u0441\u0435-\u0432\u0441\u0435, \u0433\u043e\u0434: 1926, \u0436\u0430\u043d\u0440: reviews.Genre.None, \u043a\u0430\u0442\u0435\u0433\u043e\u0440\u0438\u044f:None.\u043e\u043f\u0438\u0441\u0430\u043d\u0438\u0435 \u043e\u043f\u0438\u0441\u0430\u043d\u0438\u0435 \u043d\u0435 \u043f\u0440\u0435\u0434\u043e\u0441\u0442\u0430", "action_flag": 3, "change_message": ""}}, {"model": "admin.logentry", "pk": 96, "fields": {"action_time": "2021-10-26T01:49:28.487Z", "user": 1, "content_type": 26, "object_id": "24", "object_repr": "\u043d\u0430\u0437\u0432\u0430\u043d\u0438\u0435: Generation \u041f, \u0433\u043e\u0434: 1999, \u0436\u0430\u043d\u0440: reviews.Genre.None, \u043a\u0430\u0442\u0435\u0433\u043e\u0440\u0438\u044f:None.\u043e\u043f\u0438\u0441\u0430\u043d\u0438\u0435 \u043e\u043f\u0438\u0441\u0430\u043d\u0438\u0435 \u043d\u0435 \u043f\u0440\u0435\u0434\u043e\u0441\u0442\u0430", "action_flag": 3, "change_message": ""}}, {"model": "admin.logentry", "pk": 97, "fields": {"action_time": "2021-10-26T01:49:28.488Z", "user": 1, "content_type": 26, "object_id": "23", "object_repr": "\u043d\u0430\u0437\u0432\u0430\u043d\u0438\u0435: \u0423\u043b\u0438\u0441\u0441, \u0433\u043e\u0434: 1918, \u0436\u0430\u043d\u0440: reviews.Genre.None, \u043a\u0430\u0442\u0435\u0433\u043e\u0440\u0438\u044f:None.\u043e\u043f\u0438\u0441\u0430\u043d\u0438\u0435 \u043e\u043f\u0438\u0441\u0430\u043d\u0438\u0435 \u043d\u0435 \u043f\u0440\u0435\u0434\u043e\u0441\u0442\u0430", "action_flag": 3, "change_message": ""}}, {"model": "admin.logentry", "pk": 98, "fields": {"action_time": "2021-10-26T01:49:28.490Z", "user": 1, "content_type": 26, "object_id": "22", "object_repr": "\u043d\u0430\u0437\u0432\u0430\u043d\u0438\u0435: \u0412\u043e\u0439\u043d\u0430 \u0438 \u043c\u0438\u0440, \u0433\u043e\u0434: 1865, \u0436\u0430\u043d\u0440: reviews.Genre.None, \u043a\u0430\u0442\u0435\u0433\u043e\u0440\u0438\u044f:None.\u043e\u043f\u0438\u0441\u0430\u043d\u0438\u0435 \u043e\u043f\u0438\u0441\u0430\u043d\u0438\u0435 \u043d\u0435 \u043f\u0440\u0435\u0434\u043e\u0441\u0442\u0430", "action_flag": 3, "change_message": ""}}, {"model": "admin.logentry", "pk": 99, "fields": {"action_time": "2021-10-26T01:49:28.492Z", "user": 1, "content_type": 26, "object_id": "21", "object_repr": "\u043d\u0430\u0437\u0432\u0430\u043d\u0438\u0435: \u0421\u0442\u0440\u0430\u0445 \u0438 \u043d\u0435\u043d\u0430\u0432\u0438\u0441\u0442\u044c \u0432 \u041b\u0430\u0441-\u0412\u0435\u0433\u0430\u0441\u0435, \u0433\u043e\u0434: 1971, \u0436\u0430\u043d\u0440: reviews.Genre.None, \u043a\u0430\u0442\u0435\u0433\u043e\u0440\u0438\u044f:None.\u043e\u043f\u0438\u0441\u0430\u043d\u0438\u0435 \u043e\u043f\u0438\u0441\u0430\u043d\u0438\u0435 \u043d\u0435 \u043f\u0440\u0435\u0434\u043e\u0441\u0442\u0430", "action_flag": 3, "change_message": ""}}, {"model": "admin.logentry", "pk": 100, "fields": {"action_time": "2021-10-26T01:49:28.493Z", "user": 1, "content_type": 26, "object_id": "20", "object_repr": "\u043d\u0430\u0437\u0432\u0430\u043d\u0438\u0435: \u041a\u043e\u043b\u043e\u0431\u043e\u043a, \u0433\u043e\u0434: 1873, \u0436\u0430\u043d\u0440: reviews.Genre.None, \u043a\u0430\u0442\u0435\u0433\u043e\u0440\u0438\u044f:None.\u043e\u043f\u0438\u0441\u0430\u043d\u0438\u0435 \u043e\u043f\u0438\u0441\u0430\u043d\u0438\u0435 \u043d\u0435 \u043f\u0440\u0435\u0434\u043e\u0441\u0442\u0430", "action_flag": 3, "change_message": ""}}, {"model": "admin.logentry", "pk": 101, "fields": {"action_time": "2021-10-26T01:49:28.494Z", "user": 1, "content_type": 26, "object_id": "19", "object_repr": "\u043d\u0430\u0437\u0432\u0430\u043d\u0438\u0435: Generation \u041f, \u0433\u043e\u0434: 2011, \u0436\u0430\u043d\u0440: reviews.Genre.None, \u043a\u0430\u0442\u0435\u0433\u043e\u0440\u0438\u044f:None.\u043e\u043f\u0438\u0441\u0430\u043d\u0438\u0435 \u043e\u043f\u0438\u0441\u0430\u043d\u0438\u0435 \u043d\u0435 \u043f\u0440\u0435\u0434\u043e\u0441\u0442\u0430", "action_flag": 3, "change_message": ""}}, {"model": "admin.logentry", "pk": 102, "fields": {"action_time": "2021-10-26T01:49:28.496Z", "user": 1, "content_type": 26, "object_id": "18", "object_repr": "\u043d\u0430\u0437\u0432\u0430\u043d\u0438\u0435: \u0414\u0436\u0430\u043d\u0433\u043e \u043e\u0441\u0432\u043e\u0431\u043e\u0436\u0434\u0435\u043d\u043d\u044b\u0439, \u0433\u043e\u0434: 2012, \u0436\u0430\u043d\u0440: reviews.Genre.None, \u043a\u0430\u0442\u0435\u0433\u043e\u0440\u0438\u044f:None.\u043e\u043f\u0438\u0441\u0430\u043d\u0438\u0435 \u043e\u043f\u0438\u0441\u0430\u043d\u0438\u0435 \u043d\u0435 \u043f\u0440\u0435\u0434\u043e\u0441\u0442\u0430", "action_flag": 3, "change_message": ""}}, {"model": "admin.logentry", "pk": 103, "fields": {"action_time": "2021-10-26T01:49:28.497Z", "user": 1, "content_type": 26, "object_id": "17", "object_repr": "\u043d\u0430\u0437\u0432\u0430\u043d\u0438\u0435: \u0414\u0436\u0435\u043d\u0442\u043b\u044c\u043c\u0435\u043d\u044b \u0443\u0434\u0430\u0447\u0438 , \u0433\u043e\u0434: 1971, \u0436\u0430\u043d\u0440: reviews.Genre.None, \u043a\u0430\u0442\u0435\u0433\u043e\u0440\u0438\u044f:None.\u043e\u043f\u0438\u0441\u0430\u043d\u0438\u0435 \u043e\u043f\u0438\u0441\u0430\u043d\u0438\u0435 \u043d\u0435 \u043f\u0440\u0435\u0434\u043e\u0441\u0442\u0430", "action_flag": 3, "change_message": ""}}, {"model": "admin.logentry", "pk": 104, "fields": {"action_time": "2021-10-26T01:49:28.499Z", "user": 1, "content_type": 26, "object_id": "16", "object_repr": "\u043d\u0430\u0437\u0432\u0430\u043d\u0438\u0435: \u041a\u0430\u0440\u0442\u044b, \u0434\u0435\u043d\u044c\u0433\u0438, \u0434\u0432\u0430 \u0441\u0442\u0432\u043e\u043b\u0430, \u0433\u043e\u0434: 1998, \u0436\u0430\u043d\u0440: reviews.Genre.None, \u043a\u0430\u0442\u0435\u0433\u043e\u0440\u0438\u044f:None.\u043e\u043f\u0438\u0441\u0430\u043d\u0438\u0435 \u043e\u043f\u0438\u0441\u0430\u043d\u0438\u0435 \u043d\u0435 \u043f\u0440\u0435\u0434\u043e\u0441\u0442\u0430", "action_flag": 3, "change_message": ""}}, {"model": "admin.logentry", "pk": 105, "fields": {"action_time": "2021-10-26T01:49:28.500Z", "user": 1, "content_type": 26, "object_id": "15", "object_repr": "\u043d\u0430\u0437\u0432\u0430\u043d\u0438\u0435: \u041e\u043f\u0435\u0440\u0430\u0446\u0438\u044f \u00ab\u042b\u00bb \u0438 \u0434\u0440\u0443\u0433\u0438\u0435 \u043f\u0440\u0438\u043a\u043b\u044e\u0447\u0435\u043d\u0438\u044f \u0428\u0443\u0440\u0438\u043a\u0430, \u0433\u043e\u0434: 1965, \u0436\u0430\u043d\u0440: reviews.Genre.None, \u043a\u0430\u0442\u0435\u0433\u043e\u0440\u0438\u044f:None.\u043e\u043f\u0438\u0441\u0430\u043d\u0438\u0435 \u043e\u043f\u0438\u0441\u0430\u043d\u0438\u0435 \u043d\u0435 \u043f\u0440\u0435\u0434\u043e\u0441\u0442\u0430", "action_flag": 3, "change_message": ""}}, {"model": "admin.logentry", "pk": 106, "fields": {"action_time": "2021-10-26T01:49:28.501Z", "user": 1, "content_type": 26, "object_id": "14", "object_repr": "\u043d\u0430\u0437\u0432\u0430\u043d\u0438\u0435: \u041d\u0430\u0437\u0430\u0434 \u0432 \u0431\u0443\u0434\u0443\u0449\u0435\u0435, \u0433\u043e\u0434: 1985, \u0436\u0430\u043d\u0440: reviews.Genre.None, \u043a\u0430\u0442\u0435\u0433\u043e\u0440\u0438\u044f:None.\u043e\u043f\u0438\u0441\u0430\u043d\u0438\u0435 \u043e\u043f\u0438\u0441\u0430\u043d\u0438\u0435 \u043d\u0435 \u043f\u0440\u0435\u0434\u043e\u0441\u0442\u0430", "action_flag": 3, "change_message": ""}}, {"model": "admin.logentry", "pk": 107, "fields": {"action_time": "2021-10-26T01:49:28.503Z", "user": 1, "content_type": 26, "object_id": "13", "object_repr": "\u043d\u0430\u0437\u0432\u0430\u043d\u0438\u0435: \u041f\u0440\u043e\u043b\u0435\u0442\u0430\u044f \u043d\u0430\u0434 \u0433\u043d\u0435\u0437\u0434\u043e\u043c \u043a\u0443\u043a\u0443\u0448\u043a\u0438, \u0433\u043e\u0434: 1975, \u0436\u0430\u043d\u0440: reviews.Genre.None, \u043a\u0430\u0442\u0435\u0433\u043e\u0440\u0438\u044f:None.\u043e\u043f\u0438\u0441\u0430\u043d\u0438\u0435 \u043e\u043f\u0438\u0441\u0430\u043d\u0438\u0435 \u043d\u0435 \u043f\u0440\u0435\u0434\u043e\u0441\u0442\u0430", "action_flag": 3, "change_message": ""}}, {"model": "admin.logentry", "pk": 108, "fields": {"action_time": "2021-10-26T01:49:28.504Z", "user": 1, "content_type": 26, "object_id": "12", "object_repr": "\u043d\u0430\u0437\u0432\u0430\u043d\u0438\u0435: \u041c\u0430\u0442\u0440\u0438\u0446\u0430, \u0433\u043e\u0434: 1999, \u0436\u0430\u043d\u0440: reviews.Genre.None, \u043a\u0430\u0442\u0435\u0433\u043e\u0440\u0438\u044f:None.\u043e\u043f\u0438\u0441\u0430\u043d\u0438\u0435 \u043e\u043f\u0438\u0441\u0430\u043d\u0438\u0435 \u043d\u0435 \u043f\u0440\u0435\u0434\u043e\u0441\u0442\u0430", "action_flag": 3, "change_message": ""}}, {"model": "admin.logentry", "pk": 109, "fields": {"action_time": "2021-10-26T01:49:28.506Z", "user": 1, "content_type": 26, "object_id": "11", "object_repr": "\u043d\u0430\u0437\u0432\u0430\u043d\u0438\u0435: \u0412\u043b\u0430\u0441\u0442\u0435\u043b\u0438\u043d \u043a\u043e\u043b\u0435\u0446: \u0414\u0432\u0435 \u043a\u0440\u0435\u043f\u043e\u0441\u0442\u0438, \u0433\u043e\u0434: 2002, \u0436\u0430\u043d\u0440: reviews.Genre.None, \u043a\u0430\u0442\u0435\u0433\u043e\u0440\u0438\u044f:None.\u043e\u043f\u0438\u0441\u0430\u043d\u0438\u0435 \u043e\u043f\u0438\u0441\u0430\u043d\u0438\u0435 \u043d\u0435 \u043f\u0440\u0435\u0434\u043e\u0441\u0442\u0430", "action_flag": 3, "change_message": ""}}, {"model": "admin.logentry", "pk": 110, "fields": {"action_time": "2021-10-26T01:49:28.507Z", "user": 1, "content_type": 26, "object_id": "10", "object_repr": "\u043d\u0430\u0437\u0432\u0430\u043d\u0438\u0435: \u0417\u0432\u0451\u0437\u0434\u043d\u044b\u0435 \u0432\u043e\u0439\u043d\u044b. \u042d\u043f\u0438\u0437\u043e\u0434 5: \u0418\u043c\u043f\u0435\u0440\u0438\u044f \u043d\u0430\u043d\u043e\u0441\u0438\u0442 \u043e\u0442\u0432\u0435\u0442\u043d\u044b\u0439 \u0443\u0434\u0430\u0440, \u0433\u043e\u0434: 1980, \u0436\u0430\u043d\u0440: reviews.Genre.None, \u043a\u0430\u0442\u0435\u0433\u043e\u0440\u0438\u044f:None.\u043e\u043f\u0438\u0441\u0430\u043d\u0438\u0435 \u043e\u043f\u0438\u0441\u0430\u043d\u0438\u0435 \u043d\u0435 \u043f\u0440\u0435\u0434\u043e\u0441\u0442\u0430", "action_flag": 3, "change_message": ""}}, {"model": "admin.logentry", "pk": 111, "fields": {"action_time": "2021-10-26T01:49:28.508Z", "user": 1, "content_type": 26, "object_id": "9", "object_repr": "\u043d\u0430\u0437\u0432\u0430\u043d\u0438\u0435: \u0424\u043e\u0440\u0440\u0435\u0441\u0442 \u0413\u0430\u043c\u043f, \u0433\u043e\u0434: 1994, \u0436\u0430\u043d\u0440: reviews.Genre.None, \u043a\u0430\u0442\u0435\u0433\u043e\u0440\u0438\u044f:None.\u043e\u043f\u0438\u0441\u0430\u043d\u0438\u0435 \u043e\u043f\u0438\u0441\u0430\u043d\u0438\u0435 \u043d\u0435 \u043f\u0440\u0435\u0434\u043e\u0441\u0442\u0430", "action_flag": 3, "change_message": ""}}, {"model": "admin.logentry", "pk": 112, "fields": {"action_time": "2021-10-26T01:49:28.510Z", "user": 1, "content_type": 26, "object_id": "8", "object_repr": "\u043d\u0430\u0437\u0432\u0430\u043d\u0438\u0435: \u0411\u043e\u0439\u0446\u043e\u0432\u0441\u043a\u0438\u0439 \u043a\u043b\u0443\u0431, \u0433\u043e\u0434: 1999, \u0436\u0430\u043d\u0440: reviews.Genre.None, \u043a\u0430\u0442\u0435\u0433\u043e\u0440\u0438\u044f:None.\u043e\u043f\u0438\u0441\u0430\u043d\u0438\u0435 \u043e\u043f\u0438\u0441\u0430\u043d\u0438\u0435 \u043d\u0435 \u043f\u0440\u0435\u0434\u043e\u0441\u0442\u0430", "action_flag": 3, "change_message": ""}}, {"model": "admin.logentry", "pk": 113, "fields": {"action_time": "2021-10-26T01:49:28.511Z", "user": 1, "content_type": 26, "object_id": "7", "object_repr": "\u043d\u0430\u0437\u0432\u0430\u043d\u0438\u0435: \u0412\u043b\u0430\u0441\u0442\u0435\u043b\u0438\u043d \u043a\u043e\u043b\u0435\u0446: \u0411\u0440\u0430\u0442\u0441\u0442\u0432\u043e \u043a\u043e\u043b\u044c\u0446\u0430, \u0433\u043e\u0434: 2001, \u0436\u0430\u043d\u0440: reviews.Genre.None, \u043a\u0430\u0442\u0435\u0433\u043e\u0440\u0438\u044f:None.\u043e\u043f\u0438\u0441\u0430\u043d\u0438\u0435 \u043e\u043f\u0438\u0441\u0430\u043d\u0438\u0435 \u043d\u0435 \u043f\u0440\u0435\u0434\u043e\u0441\u0442\u0430", "action_flag": 3, "change_message": ""}}, {"model": "admin.logentry", "pk": 114, "fields": {"action_time": "2021-10-26T01:49:28.512Z", "user": 1, "content_type": 26, "object_id": "6", "object_repr": "\u043d\u0430\u0437\u0432\u0430\u043d\u0438\u0435: \u0425\u043e\u0440\u043e\u0448\u0438\u0439, \u043f\u043b\u043e\u0445\u043e\u0439, \u0437\u043b\u043e\u0439, \u0433\u043e\u0434: 1966, \u0436\u0430\u043d\u0440: reviews.Genre.None, \u043a\u0430\u0442\u0435\u0433\u043e\u0440\u0438\u044f:None.\u043e\u043f\u0438\u0441\u0430\u043d\u0438\u0435 \u043e\u043f\u0438\u0441\u0430\u043d\u0438\u0435 \u043d\u0435 \u043f\u0440\u0435\u0434\u043e\u0441\u0442\u0430", "action_flag": 3, "change_message": ""}}, {"model": "admin.logentry", "pk": 115, "fields": {"action_time": "2021-10-26T01:49:28.513Z", "user": 1, "content_type": 26, "object_id": "5", "object_repr": "\u043d\u0430\u0437\u0432\u0430\u043d\u0438\u0435: \u041a\u0440\u0438\u043c\u0438\u043d\u0430\u043b\u044c\u043d\u043e\u0435 \u0447\u0442\u0438\u0432\u043e, \u0433\u043e\u0434: 1994, \u0436\u0430\u043d\u0440: reviews.Genre.None, \u043a\u0430\u0442\u0435\u0433\u043e\u0440\u0438\u044f:None.\u043e\u043f\u0438\u0441\u0430\u043d\u0438\u0435 \u043e\u043f\u0438\u0441\u0430\u043d\u0438\u0435 \u043d\u0435 \u043f\u0440\u0435\u0434\u043e\u0441\u0442\u0430", "action_flag": 3, "change_message": ""}}, {"model": "admin.logentry", "pk": 116, "fields": {"action_time": "2021-10-26T01:49:28.515Z", "user": 1, "content_type": 26, "object_id": "4", "object_repr": "\u043d\u0430\u0437\u0432\u0430\u043d\u0438\u0435: \u0421\u043f\u0438\u0441\u043e\u043a \u0428\u0438\u043d\u0434\u043b\u0435\u0440\u0430, \u0433\u043e\u0434: 1993, \u0436\u0430\u043d\u0440: reviews.Genre.None, \u043a\u0430\u0442\u0435\u0433\u043e\u0440\u0438\u044f:None.\u043e\u043f\u0438\u0441\u0430\u043d\u0438\u0435 \u043e\u043f\u0438\u0441\u0430\u043d\u0438\u0435 \u043d\u0435 \u043f\u0440\u0435\u0434\u043e\u0441\u0442\u0430", "action_flag": 3, "change_message": ""}}, {"model": "admin.logentry", "pk": 117, "fields": {"action_time": "2021-10-26T01:49:28.516Z", "user": 1, "content_type": 26, "object_id": "3", "object_repr": "\u043d\u0430\u0437\u0432\u0430\u043d\u0438\u0435: 12 \u0440\u0430\u0437\u0433\u043d\u0435\u0432\u0430\u043d\u043d\u044b\u0445 \u043c\u0443\u0436\u0447\u0438\u043d, \u0433\u043e\u0434: 1957, \u0436\u0430\u043d\u0440: reviews.Genre.None, \u043a\u0430\u0442\u0435\u0433\u043e\u0440\u0438\u044f:None.\u043e\u043f\u0438\u0441\u0430\u043d\u0438\u0435 \u043e\u043f\u0438\u0441\u0430\u043d\u0438\u0435 \u043d\u0435 \u043f\u0440\u0435\u0434\u043e\u0441\u0442\u0430", "action_flag": 3, "change_message": ""}}, {"model": "admin.logentry", "pk": 118, "fields": {"action_time": "2021-10-26T01:49:28.517Z", "user": 1, "content_type": 26, "object_id": "2", "object_repr": "\u043d\u0430\u0437\u0432\u0430\u043d\u0438\u0435: \u041a\u0440\u0435\u0441\u0442\u043d\u044b\u0439 \u043e\u0442\u0435\u0446, \u0433\u043e\u0434: 1972, \u0436\u0430\u043d\u0440: reviews.Genre.None, \u043a\u0430\u0442\u0435\u0433\u043e\u0440\u0438\u044f:None.\u043e\u043f\u0438\u0441\u0430\u043d\u0438\u0435 \u043e\u043f\u0438\u0441\u0430\u043d\u0438\u0435 \u043d\u0435 \u043f\u0440\u0435\u0434\u043e\u0441\u0442\u0430", "action_flag": 3, "change_message": ""}}, {"model": "admin.logentry", "pk": 119, "fields": {"action_time": "2021-10-26T01:49:28.518Z", "user": 1, "content_type": 26, "object_id": "1", "object_repr": "\u043d\u0430\u0437\u0432\u0430\u043d\u0438\u0435: \u041f\u043e\u0431\u0435\u0433 \u0438\u0437 \u0428\u043e\u0443\u0448\u0435\u043d\u043a\u0430, \u0433\u043e\u0434: 1994, \u0436\u0430\u043d\u0440: reviews.Genre.None, \u043a\u0430\u0442\u0435\u0433\u043e\u0440\u0438\u044f:None.\u043e\u043f\u0438\u0441\u0430\u043d\u0438\u0435 \u043e\u043f\u0438\u0441\u0430\u043d\u0438\u0435 \u043d\u0435 \u043f\u0440\u0435\u0434\u043e\u0441\u0442\u0430", "action_flag": 3, "change_message": ""}}]